,date,campaign_name,click,ctv,vtv,cost,campaign_budget_total_amount
0,2022-04-01,2025876384,49,5,0,14272.5,88000.0
1,2022-04-02,2025876384,27,2,0,7040.0,88000.0
2,2022-04-03,2025876384,31,3,0,7164.3,88000.0
3,2022-04-04,2025876384,72,0,0,24884.2,88000.0
4,2022-04-05,2025876384,91,1,0,33708.4,88000.0
5,2022-04-06,2025876384,114,3,0,43005.6,88000.0
6,2022-04-07,2025876384,133,4,0,57940.3,88000.0
7,2022-04-08,2025876384,141,3,0,56604.9,88000.0
8,2022-04-09,2025876384,39,1,0,16029.2,88000.0
9,2022-04-10,2025876384,50,3,0,17565.9,88000.0
10,2022-04-11,2025876384,143,1,0,55008.8,88000.0
11,2022-04-12,2025876384,222,5,0,95630.7,88000.0
12,2022-04-13,2025876384,160,8,0,61810.1,88000.0
13,2022-04-14,2025876384,143,0,0,54507.2,88000.0
14,2022-04-15,2025876384,129,3,0,47269.2,88000.0
15,2022-04-16,2025876384,64,1,0,20709.7,88000.0
16,2022-04-17,2025876384,58,1,0,17309.6,88000.0
17,2022-04-18,2025876384,128,5,0,48544.1,88000.0
18,2022-04-19,2025876384,132,2,0,45586.2,88000.0
19,2022-04-20,2025876384,131,7,0,51511.9,88000.0
20,2022-04-21,2025876384,125,2,0,44402.6,88000.0
21,2022-04-22,2025876384,119,2,0,42885.7,88000.0
22,2022-04-23,2025876384,54,1,0,19993.6,88000.0
23,2022-04-24,2025876384,67,2,0,21611.7,88000.0
24,2022-04-25,2025876384,131,3,0,52125.7,88000.0
25,2022-04-26,2025876384,158,4,0,60945.5,88000.0
26,2022-04-27,2025876384,124,2,0,47417.7,88000.0
27,2022-04-28,2025876384,101,2,0,39224.9,88000.0
28,2022-04-29,2025876384,73,5,0,23815.0,88000.0
29,2022-04-30,2025876384,55,2,0,17386.6,88000.0
30,2022-05-01,2025876384,64,2,0,22051.7,88000.0
31,2022-05-02,2025876384,69,2,0,22918.5,88000.0
32,2022-05-03,2025876384,36,1,0,11302.5,88000.0
33,2022-05-04,2025876384,47,0,0,16112.8,88000.0
34,2022-05-05,2025876384,41,2,0,14305.5,88000.0
35,2022-05-06,2025876384,103,0,0,38243.7,88000.0
36,2022-05-07,2025876384,50,1,0,17268.9,88000.0
37,2022-05-08,2025876384,40,0,0,10479.7,88000.0
38,2022-05-09,2025876384,120,0,0,46568.5,88000.0
39,2022-05-10,2025876384,96,1,0,33429.0,88000.0
40,2022-05-11,2025876384,68,3,0,23225.4,88000.0
41,2022-05-12,2025876384,81,3,0,25883.0,88000.0
42,2022-05-13,2025876384,74,0,0,23285.9,88000.0
43,2022-05-14,2025876384,30,0,0,6789.2,88000.0
44,2022-05-15,2025876384,29,2,0,9011.2,88000.0
45,2022-05-16,2025876384,81,2,0,24051.5,88000.0
46,2022-05-17,2025876384,78,2,0,29209.4,88000.0
47,2022-05-18,2025876384,91,2,0,29944.2,88000.0
48,2022-05-19,2025876384,80,1,0,28759.5,88000.0
49,2022-05-20,2025876384,104,1,0,35828.1,88000.0
50,2022-05-21,2025876384,50,3,0,15622.2,88000.0
51,2022-05-22,2025876384,35,3,0,10518.2,88000.0
52,2022-05-23,2025876384,83,3,0,23024.1,88000.0
53,2022-05-24,2025876384,101,3,0,29454.7,88000.0
54,2022-05-25,2025876384,112,5,0,38728.8,88000.0
55,2022-05-26,2025876384,99,7,0,30325.9,88000.0
56,2022-05-27,2025876384,109,3,0,37143.7,88000.0
57,2022-05-28,2025876384,45,0,0,16864.1,88000.0
58,2022-05-29,2025876384,43,0,0,12305.7,88000.0
59,2022-05-30,2025876384,125,4,0,46233.0,88000.0
60,2022-05-31,2025876384,150,0,0,55243.1,88000.0
61,2022-06-01,2025876384,155,2,0,53362.1,88000.0
62,2022-06-02,2025876384,171,4,0,66013.2,88000.0
63,2022-06-03,2025876384,132,1,0,45116.5,88000.0
64,2022-06-04,2025876384,46,0,0,14687.2,88000.0
65,2022-06-05,2025876384,51,0,0,13063.6,88000.0
66,2022-06-06,2025876384,120,3,0,37973.1,88000.0
67,2022-06-07,2025876384,98,1,0,35194.5,88000.0
68,2022-06-08,2025876384,100,2,0,37731.1,88000.0
69,2022-06-09,2025876384,73,1,0,21401.6,88000.0
70,2022-06-10,2025876384,91,5,0,24029.5,88000.0
71,2022-06-11,2025876384,32,1,0,7568.0,88000.0
72,2022-06-12,2025876384,33,1,0,7657.1,88000.0
73,2022-06-13,2025876384,83,0,0,20630.5,110000.0
74,2022-06-14,2025876384,72,2,0,20248.8,110000.0
75,2022-06-15,2025876384,104,1,0,27997.2,110000.0
76,2022-06-16,2025876384,70,3,0,20556.8,110000.0
77,2022-06-17,2025876384,119,3,0,39496.6,110000.0
78,2022-06-18,2025876384,48,0,0,12179.2,110000.0
79,2022-06-19,2025876384,39,0,0,9931.9,110000.0
80,2022-06-20,2025876384,84,2,0,23215.5,110000.0
81,2022-06-21,2025876384,124,0,0,37119.5,110000.0
82,2022-06-22,2025876384,125,0,0,45747.9,110000.0
83,2022-06-23,2025876384,94,3,0,33038.5,110000.0
84,2022-06-24,2025876384,73,0,0,22375.1,110000.0
85,2022-06-25,2025876384,29,2,0,7319.4,110000.0
86,2022-06-26,2025876384,24,0,0,6105.0,110000.0
87,2022-06-27,2025876384,59,2,0,16890.5,110000.0
88,2022-06-28,2025876384,99,0,0,30123.5,110000.0
89,2022-06-29,2025876384,71,3,0,20419.3,110000.0
90,2022-06-30,2025876384,64,0,0,19088.3,110000.0
91,2022-07-01,2025876384,66,2,0,20772.4,110000.0
92,2022-07-02,2025876384,19,0,0,7581.2,110000.0
93,2022-07-03,2025876384,26,2,0,9324.7,110000.0
94,2022-07-04,2025876384,72,3,0,20465.5,110000.0
95,2022-07-05,2025876384,70,0,0,21828.4,110000.0
96,2022-07-06,2025876384,74,1,0,20863.7,110000.0
97,2022-07-07,2025876384,69,2,0,18178.6,110000.0
98,2022-07-08,2025876384,42,2,0,14071.2,110000.0
99,2022-07-09,2025876384,24,0,0,6512.0,110000.0
100,2022-07-10,2025876384,21,1,0,5826.7,110000.0
101,2022-07-11,2025876384,46,0,0,12425.6,110000.0
102,2022-07-12,2025876384,59,1,0,14441.9,110000.0
103,2022-07-13,2025876384,67,1,0,21417.0,110000.0
104,2022-07-14,2025876384,78,1,0,24213.2,110000.0
105,2022-07-15,2025876384,61,0,0,19542.6,110000.0
106,2022-07-16,2025876384,26,2,0,8462.3,110000.0
107,2022-07-17,2025876384,32,1,0,7444.8,110000.0
108,2022-07-18,2025876384,28,1,0,7385.4,110000.0
109,2022-07-19,2025876384,75,4,0,25113.0,110000.0
110,2022-07-20,2025876384,113,5,0,33825.0,110000.0
111,2022-07-21,2025876384,69,0,0,20920.9,110000.0
112,2022-07-22,2025876384,59,0,0,15761.9,110000.0
113,2022-07-23,2025876384,30,0,0,5821.2,110000.0
114,2022-07-24,2025876384,35,1,0,9886.8,110000.0
115,2022-07-25,2025876384,60,2,0,18472.3,110000.0
116,2022-07-26,2025876384,96,3,0,24592.7,110000.0
117,2022-07-27,2025876384,103,1,0,30814.3,110000.0
118,2022-07-28,2025876384,112,5,0,36591.5,110000.0
119,2022-07-29,2025876384,98,3,0,33759.0,110000.0
120,2022-07-30,2025876384,34,0,0,10731.6,110000.0
121,2022-07-31,2025876384,42,0,0,15770.7,110000.0
122,2022-08-01,2025876384,141,4,0,46279.2,110000.0
123,2022-08-02,2025876384,142,2,0,52536.0,110000.0
124,2022-08-03,2025876384,152,1,0,48810.3,110000.0
125,2022-08-04,2025876384,138,2,0,45657.7,110000.0
126,2022-08-05,2025876384,122,1,0,42872.5,110000.0
127,2022-08-06,2025876384,42,0,0,12269.4,110000.0
128,2022-08-07,2025876384,55,0,0,17061.0,110000.0
129,2022-08-08,2025876384,71,2,0,23427.8,110000.0
130,2022-08-09,2025876384,75,1,0,27038.0,110000.0
131,2022-08-10,2025876384,56,1,0,17715.5,110000.0
132,2022-08-11,2025876384,33,0,0,9817.5,110000.0
133,2022-08-12,2025876384,30,0,0,8714.2,110000.0
134,2022-08-13,2025876384,16,0,0,5240.4,110000.0
135,2022-08-14,2025876384,23,0,0,5496.7,110000.0
136,2022-08-15,2025876384,32,1,0,10580.9,110000.0
137,2022-08-16,2025876384,33,1,0,11509.3,110000.0
138,2022-08-17,2025876384,41,2,0,11690.8,110000.0
139,2022-08-18,2025876384,40,0,0,13602.6,110000.0
140,2022-08-19,2025876384,38,1,0,10085.9,110000.0
141,2022-08-20,2025876384,16,0,0,4387.9,110000.0
142,2022-08-21,2025876384,14,0,0,2703.8,110000.0
143,2022-08-22,2025876384,43,4,0,13527.8,110000.0
144,2022-08-23,2025876384,29,4,0,9293.9,110000.0
145,2022-08-24,2025876384,53,0,0,15789.4,110000.0
146,2022-08-25,2025876384,58,1,0,17586.8,110000.0
147,2022-08-26,2025876384,47,0,0,17363.5,110000.0
148,2022-08-27,2025876384,29,0,0,8320.4,110000.0
149,2022-08-28,2025876384,19,0,0,5415.3,110000.0
150,2022-08-29,2025876384,62,2,0,19296.2,110000.0
151,2022-08-30,2025876384,87,1,0,23824.9,110000.0
152,2022-08-31,2025876384,50,4,0,13070.2,16500.0
153,2022-09-01,2025876384,56,2,0,16292.1,55000.0
154,2022-09-02,2025876384,50,0,0,14239.5,55000.0
155,2022-09-03,2025876384,26,0,0,5622.1,55000.0
156,2022-09-04,2025876384,28,0,0,7394.2,55000.0
157,2022-09-05,2025876384,55,1,0,13666.4,55000.0
158,2022-09-06,2025876384,59,3,0,13127.4,55000.0
159,2022-09-07,2025876384,49,0,0,15296.6,55000.0
160,2022-09-08,2025876384,56,4,0,19428.2,55000.0
161,2022-09-09,2025876384,55,2,0,16987.3,77000.0
162,2022-09-10,2025876384,20,0,0,6421.8,77000.0
163,2022-09-11,2025876384,10,0,0,1593.9,77000.0
164,2022-09-12,2025876384,32,2,0,10896.6,77000.0
165,2022-09-13,2025876384,51,0,0,16264.6,77000.0
166,2022-09-14,2025876384,56,0,0,19192.8,77000.0
167,2022-09-15,2025876384,72,3,0,23337.6,77000.0
168,2022-09-16,2025876384,57,0,0,21772.3,77000.0
169,2022-09-17,2025876384,28,0,0,7340.3,77000.0
170,2022-09-18,2025876384,51,2,0,15888.4,77000.0
171,2022-09-19,2025876384,34,3,0,11754.6,77000.0
172,2022-09-20,2025876384,63,1,0,18178.6,77000.0
173,2022-09-21,2025876384,64,0,0,16830.0,77000.0
174,2022-09-22,2025876384,73,0,0,26083.2,77000.0
175,2022-09-23,2025876384,36,2,0,8845.1,77000.0
176,2022-09-24,2025876384,36,0,0,9301.6,77000.0
177,2022-09-25,2025876384,33,0,0,9548.0,77000.0
178,2022-09-26,2025876384,82,1,0,30226.9,77000.0
179,2022-09-27,2025876384,64,1,0,21023.2,77000.0
180,2022-09-28,2025876384,64,1,0,27346.0,77000.0
181,2022-09-29,2025876384,89,0,0,29196.2,77000.0
182,2022-09-30,2025876384,65,0,0,22332.2,77000.0
183,2022-10-01,2025876384,23,0,0,6046.7,77000.0
184,2022-10-02,2025876384,44,0,0,11192.5,77000.0
185,2022-10-03,2025876384,73,2,0,28035.7,77000.0
186,2022-10-04,2025876384,41,0,0,12775.4,77000.0
187,2022-10-05,2025876384,69,1,0,24168.1,77000.0
188,2022-10-06,2025876384,93,3,0,32502.8,77000.0
189,2022-10-07,2025876384,112,0,0,37617.8,77000.0
190,2022-10-08,2025876384,48,1,0,14183.4,77000.0
191,2022-10-09,2025876384,39,0,0,12687.4,77000.0
192,2022-10-10,2025876384,42,1,0,13742.3,77000.0
193,2022-10-11,2025876384,67,2,0,21579.8,77000.0
194,2022-10-12,2025876384,51,3,0,15896.1,77000.0
195,2022-10-13,2025876384,85,0,0,28010.4,77000.0
196,2022-10-14,2025876384,48,0,0,14894.0,77000.0
197,2022-10-15,2025876384,35,1,0,12799.6,77000.0
198,2022-10-16,2025876384,35,1,0,10263.0,77000.0
199,2022-10-17,2025876384,54,0,0,19127.9,77000.0
200,2022-10-18,2025876384,71,1,0,23548.8,77000.0
201,2022-10-19,2025876384,87,2,0,31840.6,77000.0
202,2022-10-20,2025876384,117,1,0,44168.3,77000.0
203,2022-10-21,2025876384,77,2,0,30171.9,77000.0
204,2022-10-22,2025876384,36,1,0,10539.1,77000.0
205,2022-10-23,2025876384,30,2,0,8715.3,77000.0
206,2022-10-24,2025876384,79,3,0,27764.0,77000.0
207,2022-10-25,2025876384,44,0,0,14179.0,77000.0
208,2022-10-26,2025876384,48,0,0,13413.4,77000.0
209,2022-10-27,2025876384,51,1,0,18465.7,77000.0
210,2022-10-28,2025876384,46,1,0,17208.4,77000.0
211,2022-10-29,2025876384,11,0,0,2795.1,77000.0
212,2022-10-30,2025876384,18,0,0,5184.3,77000.0
213,2022-10-31,2025876384,54,0,0,15158.0,77000.0
214,2022-11-01,2025876384,66,0,0,19389.7,77000.0
215,2022-11-02,2025876384,52,4,0,16937.8,77000.0
216,2022-11-03,2025876384,16,1,0,5393.3,77000.0
217,2022-11-04,2025876384,32,3,0,7020.2,77000.0
218,2022-11-05,2025876384,16,0,0,3905.0,77000.0
219,2022-11-06,2025876384,17,0,0,3256.0,77000.0
220,2022-11-07,2025876384,25,0,0,7643.9,77000.0
221,2022-11-08,2025876384,42,0,0,11075.9,77000.0
222,2022-11-09,2025876384,50,3,0,18276.5,77000.0
223,2022-11-10,2025876384,72,0,0,28212.8,77000.0
224,2022-11-11,2025876384,47,1,0,15412.1,77000.0
225,2022-11-12,2025876384,32,0,0,11391.6,77000.0
226,2022-11-13,2025876384,22,0,0,6304.1,77000.0
227,2022-11-14,2025876384,48,0,0,16685.9,77000.0
228,2022-11-15,2025876384,73,2,0,28864.0,77000.0
229,2022-11-16,2025876384,85,0,0,32796.5,77000.0
230,2022-11-17,2025876384,111,2,0,43725.0,77000.0
231,2022-11-18,2025876384,87,0,0,37775.1,77000.0
232,2022-11-19,2025876384,20,1,0,5772.8,77000.0
233,2022-11-20,2025876384,34,1,0,7397.5,77000.0
234,2022-11-21,2025876384,56,2,0,18001.5,77000.0
235,2022-11-22,2025876384,53,1,0,21542.4,77000.0
236,2022-11-23,2025876384,36,0,0,12943.7,77000.0
237,2022-11-24,2025876384,62,1,0,26581.5,77000.0
238,2022-11-25,2025876384,94,2,0,41929.8,77000.0
239,2022-11-26,2025876384,47,2,0,15459.4,77000.0
240,2022-11-27,2025876384,37,2,0,13362.8,77000.0
241,2022-11-28,2025876384,126,2,0,48888.4,77000.0
242,2022-11-29,2025876384,131,0,0,47606.9,77000.0
243,2022-11-30,2025876384,159,1,0,71914.7,77000.0
244,2022-12-01,2025876384,132,5,0,45780.9,77000.0
245,2022-12-02,2025876384,106,4,0,41202.7,77000.0
246,2022-12-03,2025876384,48,1,0,18646.1,77000.0
247,2022-12-04,2025876384,68,0,0,20178.4,77000.0
248,2022-12-05,2025876384,128,5,0,56206.7,77000.0
249,2022-12-06,2025876384,121,1,0,59686.0,77000.0
250,2022-12-07,2025876384,109,0,0,45551.0,77000.0
251,2022-12-08,2025876384,178,3,0,79322.1,77000.0
252,2022-12-09,2025876384,172,2,0,79009.7,77000.0
253,2022-12-10,2025876384,70,0,0,29132.4,77000.0
254,2022-12-11,2025876384,62,0,0,23883.2,77000.0
255,2022-12-12,2025876384,139,1,0,67030.7,77000.0
256,2022-12-13,2025876384,129,3,0,54496.2,77000.0
257,2022-12-14,2025876384,125,2,0,55743.6,77000.0
258,2022-12-15,2025876384,98,3,0,45177.0,77000.0
259,2022-12-16,2025876384,99,3,0,41031.1,77000.0
260,2022-12-17,2025876384,24,0,0,4826.8,77000.0
261,2022-12-18,2025876384,32,0,0,11775.5,77000.0
262,2022-12-19,2025876384,79,1,0,27489.0,77000.0
263,2022-12-20,2025876384,87,1,0,37209.7,77000.0
264,2022-12-21,2025876384,79,0,0,28847.5,27500.0
265,2022-12-22,2025876384,73,2,0,28859.6,27500.0
266,2022-12-23,2025876384,56,1,0,21155.2,22000.0
267,2022-12-24,2025876384,16,0,0,4271.3,22000.0
268,2022-12-25,2025876384,14,0,0,3625.6,22000.0
269,2022-12-26,2025876384,31,0,0,10270.7,11000.0
270,2022-12-27,2025876384,26,2,0,12232.0,11000.0
271,2022-12-28,2025876384,33,0,0,11535.7,11000.0
272,2022-12-29,2025876384,32,1,0,9201.5,11000.0
273,2022-12-30,2025876384,15,0,0,4690.4,11000.0
274,2022-12-31,2025876384,19,0,0,5281.1,11000.0
275,2023-01-01,2025876384,9,1,0,1541.1,33000.0
276,2023-01-02,2025876384,19,2,0,5599.0,33000.0
277,2023-01-03,2025876384,21,1,0,7090.6,33000.0
278,2023-01-04,2025876384,47,0,0,13105.4,33000.0
279,2023-01-05,2025876384,197,7,0,65365.3,55000.0
280,2023-01-06,2025876384,191,2,0,60977.4,55000.0
281,2023-01-07,2025876384,79,3,0,19850.6,55000.0
282,2023-01-08,2025876384,62,0,0,16104.0,55000.0
283,2023-01-09,2025876384,75,1,0,16276.7,55000.0
284,2023-01-10,2025876384,183,6,0,45493.8,66000.0
285,2023-01-11,2025876384,191,3,0,51669.2,66000.0
286,2023-01-12,2025876384,178,8,0,50063.2,66000.0
287,2023-01-13,2025876384,173,7,0,54498.4,66000.0
288,2023-01-14,2025876384,64,3,0,12135.2,66000.0
289,2023-01-15,2025876384,39,1,0,8781.3,66000.0
290,2023-01-16,2025876384,141,8,0,35087.8,66000.0
291,2023-01-17,2025876384,143,8,0,38181.0,66000.0
292,2023-01-18,2025876384,146,2,0,50957.5,66000.0
293,2023-01-19,2025876384,155,5,0,46679.6,66000.0
294,2023-01-20,2025876384,152,4,0,51337.0,22000.0
295,2023-01-21,2025876384,68,2,0,17112.7,22000.0
296,2023-01-22,2025876384,61,3,0,13068.0,22000.0
297,2023-01-23,2025876384,106,5,0,37089.8,22000.0
298,2023-01-24,2025876384,76,6,0,24426.6,22000.0
299,2023-01-25,2025876384,81,8,0,22385.0,22000.0
300,2023-01-26,2025876384,77,3,0,22016.5,22000.0
301,2023-01-27,2025876384,75,4,0,20612.9,22000.0
302,2023-01-28,2025876384,58,1,0,15240.5,22000.0
303,2023-01-29,2025876384,69,6,0,13098.8,22000.0
304,2023-01-30,2025876384,120,4,0,34954.7,22000.0
305,2023-01-31,2025876384,62,2,0,10995.6,11000.0
306,2023-02-01,2025876384,120,0,0,39256.8,44000.0
307,2023-02-02,2025876384,159,6,0,50904.7,44000.0
308,2023-02-03,2025876384,148,4,0,42764.7,44000.0
309,2023-02-04,2025876384,71,3,0,12454.2,44000.0
310,2023-02-05,2025876384,59,1,0,14545.3,44000.0
311,2023-02-06,2025876384,137,1,0,36713.6,44000.0
312,2023-02-07,2025876384,151,6,0,34689.6,44000.0
313,2023-02-08,2025876384,176,6,0,40802.3,44000.0
314,2023-02-09,2025876384,154,10,0,39008.2,44000.0
315,2023-02-10,2025876384,112,1,0,25951.2,44000.0
316,2023-02-11,2025876384,83,1,0,15457.2,44000.0
317,2023-02-12,2025876384,126,3,0,24175.8,44000.0
318,2023-02-13,2025876384,212,8,0,54028.7,44000.0
319,2023-02-14,2025876384,178,3,0,60684.8,44000.0
320,2023-02-15,2025876384,187,3,0,50220.5,44000.0
321,2023-02-16,2025876384,208,5,0,62360.1,44000.0
322,2023-02-17,2025876384,136,9,0,45894.2,44000.0
323,2023-02-18,2025876384,72,4,0,12142.9,44000.0
324,2023-02-19,2025876384,69,0,0,11299.2,44000.0
325,2023-02-20,2025876384,115,1,0,36791.7,44000.0
326,2023-02-21,2025876384,191,7,0,47086.6,44000.0
327,2023-02-22,2025876384,163,6,0,38348.2,44000.0
328,2023-02-23,2025876384,103,2,0,21122.2,44000.0
329,2023-02-24,2025876384,166,2,0,46391.4,44000.0
330,2023-02-25,2025876384,107,1,0,19058.6,44000.0
331,2023-02-26,2025876384,149,4,0,27010.5,44000.0
332,2023-02-27,2025876384,102,5,0,27890.5,27500.0
333,2023-02-28,2025876384,142,3,0,33550.0,40700.0
334,2023-03-01,2025876384,175,6,0,39927.8,40700.0
335,2023-03-02,2025876384,172,11,0,38445.0,50600.0
336,2023-03-03,2025876384,188,6,0,42554.6,50600.0
337,2023-03-04,2025876384,120,4,0,26991.8,50600.0
338,2023-03-05,2025876384,105,1,0,19145.5,50600.0
339,2023-03-06,2025876384,143,1,0,38717.8,50600.0
340,2023-03-07,2025876384,199,6,0,54143.1,50600.0
341,2023-03-08,2025876384,180,2,0,39496.6,50600.0
342,2023-03-09,2025876384,200,3,0,41284.1,50600.0
343,2023-03-10,2025876384,150,7,0,34729.2,50600.0
344,2023-03-11,2025876384,65,2,0,11724.9,50600.0
345,2023-03-12,2025876384,78,1,0,17458.1,50600.0
346,2023-03-13,2025876384,130,5,0,33690.8,50600.0
347,2023-03-14,2025876384,144,5,0,31013.4,50600.0
348,2023-03-15,2025876384,152,13,0,34057.1,49500.0
349,2023-03-16,2025876384,175,14,0,46953.5,49500.0
350,2023-03-17,2025876384,160,5,0,34592.8,49500.0
351,2023-03-18,2025876384,108,5,0,27236.0,49500.0
352,2023-03-19,2025876384,108,0,0,22949.3,49500.0
353,2023-03-20,2025876384,165,6,0,40373.3,49500.0
354,2023-03-21,2025876384,124,4,0,28905.8,49500.0
355,2023-03-22,2025876384,214,7,0,58021.7,49500.0
356,2023-03-23,2025876384,246,11,0,71436.2,49500.0
357,2023-03-24,2025876384,150,4,0,39768.3,39600.0
358,2023-03-25,2025876384,106,4,0,26778.4,39600.0
359,2023-03-26,2025876384,148,3,0,31510.6,39600.0
360,2023-03-27,2025876384,161,4,0,41955.1,39600.0
361,2023-03-28,2025876384,193,7,0,55025.3,39600.0
362,2023-03-29,2025876384,185,7,0,44094.6,39600.0
363,2023-03-30,2025876384,221,5,0,41314.9,50600.0
364,2023-03-31,2025876384,169,4,0,37082.1,50600.0
365,2023-04-01,2025876384,84,2,0,17842.0,72600.0
366,2023-04-02,2025876384,105,4,0,20026.6,72600.0
367,2023-04-03,2025876384,156,2,0,36894.0,72600.0
368,2023-04-04,2025876384,161,4,0,36072.3,72600.0
369,2023-04-05,2025876384,239,9,0,54918.6,72600.0
370,2023-04-06,2025876384,199,3,0,43068.3,72600.0
371,2023-04-07,2025876384,202,10,0,52582.2,72600.0
372,2023-04-08,2025876384,96,1,0,21690.9,72600.0
373,2023-04-09,2025876384,78,2,0,14421.0,72600.0
374,2023-04-10,2025876384,174,10,0,47382.5,72600.0
375,2023-04-11,2025876384,246,4,0,54820.7,72600.0
376,2023-04-12,2025876384,241,4,0,52078.4,72600.0
377,2023-04-13,2025876384,244,5,0,56445.4,72600.0
378,2023-04-14,2025876384,217,9,0,44211.2,44000.0
379,2023-04-15,2025876384,137,3,0,23115.4,44000.0
380,2023-04-16,2025876384,129,4,0,24611.4,44000.0
381,2023-04-17,2025876384,222,4,0,54844.9,44000.0
382,2023-04-18,2025876384,161,3,0,38616.6,38500.0
383,2023-04-19,2025876384,169,4,0,40528.4,38500.0
384,2023-04-20,2025876384,201,9,0,40487.7,38500.0
385,2023-04-21,2025876384,194,5,0,38374.6,38500.0
386,2023-04-22,2025876384,122,3,0,27281.1,38500.0
387,2023-04-23,2025876384,146,7,0,31439.1,38500.0
388,2023-04-24,2025876384,224,6,0,53047.5,38500.0
389,2023-04-25,2025876384,162,1,0,37090.9,33000.0
390,2023-04-26,2025876384,129,2,0,27566.0,27500.0
391,2023-04-27,2025876384,132,3,0,29158.8,27500.0
392,2023-04-28,2025876384,138,6,0,27815.7,27500.0
393,2023-04-29,2025876384,91,2,0,17894.8,27500.0
394,2023-04-30,2025876384,130,0,0,24795.1,27500.0
395,2023-05-01,2025876384,152,3,0,36975.4,38500.0
396,2023-05-02,2025876384,130,4,0,32729.4,27500.0
397,2023-05-03,2025876384,66,0,0,14476.0,27500.0
398,2023-05-04,2025876384,89,1,0,18555.9,27500.0
399,2023-05-05,2025876384,80,3,0,14077.8,27500.0
400,2023-05-06,2025876384,82,2,0,16126.0,27500.0
401,2023-05-07,2025876384,106,1,0,20652.5,27500.0
402,2023-05-08,2025876384,218,3,0,51989.3,27500.0
403,2023-05-09,2025876384,222,4,0,54923.0,27500.0
404,2023-05-10,2025876384,193,5,0,38013.8,27500.0
405,2023-05-11,2025876384,159,7,0,33134.2,33000.0
406,2023-05-12,2025876384,171,14,0,37071.1,38500.0
407,2023-05-13,2025876384,95,1,0,19090.5,38500.0
408,2023-05-14,2025876384,72,1,0,14177.9,38500.0
409,2023-05-15,2025876384,198,10,0,45734.7,44000.0
410,2023-05-16,2025876384,218,5,0,45538.9,44000.0
411,2023-05-17,2025876384,200,5,0,43162.9,40700.0
412,2023-05-18,2025876384,183,5,0,42590.9,40700.0
413,2023-05-19,2025876384,174,3,0,37959.9,44000.0
414,2023-05-20,2025876384,88,3,0,19874.8,44000.0
415,2023-05-21,2025876384,83,3,0,17058.8,44000.0
416,2023-05-22,2025876384,190,10,0,44082.5,44000.0
417,2023-05-23,2025876384,223,4,0,50855.2,50600.0
418,2023-05-24,2025876384,202,8,0,52279.7,50600.0
419,2023-05-25,2025876384,228,3,0,52703.2,50600.0
420,2023-05-26,2025876384,198,5,0,51543.8,50600.0
421,2023-05-27,2025876384,102,3,0,20516.1,50600.0
422,2023-05-28,2025876384,123,2,0,24244.0,50600.0
423,2023-05-29,2025876384,259,8,0,56821.6,50600.0
424,2023-05-30,2025876384,271,5,0,54169.5,50600.0
425,2023-05-31,2025876384,262,7,0,53891.2,50600.0
426,2023-06-01,2025876384,223,10,0,51691.2,50600.0
427,2023-06-02,2025876384,199,7,0,42599.7,50600.0
428,2023-06-03,2025876384,79,0,0,14020.6,50600.0
429,2023-06-04,2025876384,107,2,0,20630.5,50600.0
430,2023-06-05,2025876384,182,11,0,40861.7,39600.0
431,2023-06-06,2025876384,176,4,0,40543.8,39600.0
432,2023-06-07,2025876384,185,11,0,41235.7,39600.0
433,2023-06-08,2025876384,178,2,0,40723.1,39600.0
434,2023-06-09,2025876384,164,6,0,41787.9,39600.0
435,2023-06-10,2025876384,171,3,0,30157.6,39600.0
436,2023-06-11,2025876384,184,5,0,40463.5,39600.0
437,2023-06-12,2025876384,246,6,0,52795.6,39600.0
438,2023-06-13,2025876384,195,5,0,43061.7,39600.0
439,2023-06-14,2025876384,176,5,0,42256.5,39600.0
440,2023-06-15,2025876384,196,4,0,41853.9,39600.0
441,2023-06-16,2025876384,205,3,0,41587.7,39600.0
442,2023-06-17,2025876384,170,3,0,38315.2,39600.0
443,2023-06-18,2025876384,199,4,0,43604.0,39600.0
444,2023-06-19,2025876384,182,7,0,38381.2,39600.0
445,2023-06-20,2025876384,188,9,0,37877.4,39600.0
446,2023-06-21,2025876384,192,7,0,38638.6,39600.0
447,2023-06-22,2025876384,201,3,0,38212.9,39600.0
448,2023-06-23,2025876384,218,5,0,37662.9,39600.0
449,2023-06-24,2025876384,188,8,0,39312.9,39600.0
450,2023-06-25,2025876384,200,0,0,39322.8,39600.0
451,2023-06-26,2025876384,161,4,0,32932.9,33000.0
452,2023-06-27,2025876384,169,3,0,34321.1,33000.0
453,2023-06-28,2025876384,170,9,0,32332.3,33000.0
454,2023-06-29,2025876384,158,3,0,34600.5,33000.0
455,2023-06-30,2025876384,201,9,0,42933.0,44000.0
456,2023-07-01,2025876384,118,2,0,24729.1,44000.0
457,2023-07-02,2025876384,107,2,0,19665.8,44000.0
458,2023-07-03,2025876384,181,3,0,45116.5,44000.0
459,2023-07-04,2025876384,281,5,0,66984.5,44000.0
460,2023-07-05,2025876384,267,8,0,59648.6,44000.0
461,2023-07-06,2025876384,198,3,0,45779.8,44000.0
462,2023-07-07,2025876384,236,7,0,51293.0,44000.0
463,2023-07-08,2025876384,232,2,0,39083.0,44000.0
464,2023-07-09,2025876384,173,3,0,31028.8,44000.0
465,2023-07-10,2025876384,214,8,0,50168.8,44000.0
466,2023-07-11,2025876384,260,12,0,57583.9,44000.0
467,2023-07-12,2025876384,199,5,0,35211.0,35200.0
468,2023-07-13,2025876384,214,3,0,36875.3,35200.0
469,2023-07-14,2025876384,201,6,0,36439.7,35200.0
470,2023-07-15,2025876384,156,5,0,27315.2,35200.0
471,2023-07-16,2025876384,123,3,0,23058.2,35200.0
472,2023-07-17,2025876384,170,3,0,37045.8,35200.0
473,2023-07-18,2025876384,239,3,0,51274.3,35200.0
474,2023-07-19,2025876384,194,6,0,43439.0,35200.0
475,2023-07-20,2025876384,189,0,0,41868.2,35200.0
476,2023-07-21,2025876384,201,2,0,42469.9,44000.0
477,2023-07-22,2025876384,189,1,0,34175.9,44000.0
478,2023-07-23,2025876384,157,3,0,26669.5,44000.0
479,2023-07-24,2025876384,193,3,0,39471.3,44000.0
480,2023-07-25,2025876384,225,2,0,46646.6,71500.0
481,2023-07-26,2025876384,221,5,0,45604.9,71500.0
482,2023-07-27,2025876384,187,5,0,35053.7,71500.0
483,2023-07-28,2025876384,119,2,0,23801.8,71500.0
484,2023-07-29,2025876384,55,2,0,13586.1,71500.0
485,2023-07-30,2025876384,60,1,0,10063.9,71500.0
486,2023-07-31,2025876384,118,2,0,23839.2,71500.0
487,2023-08-01,2025876384,140,4,0,26041.4,71500.0
488,2023-08-02,2025876384,168,4,0,38846.5,71500.0
489,2023-08-03,2025876384,133,1,0,26217.4,44000.0
490,2023-08-04,2025876384,140,3,0,29476.7,44000.0
491,2023-08-05,2025876384,81,0,0,15313.1,44000.0
492,2023-08-06,2025876384,57,0,0,9704.2,44000.0
493,2023-08-07,2025876384,172,3,0,39977.3,44000.0
494,2023-08-08,2025876384,171,1,0,35163.7,44000.0
495,2023-08-09,2025876384,149,6,0,33788.7,44000.0
496,2023-08-10,2025876384,118,1,0,25898.4,44000.0
497,2023-08-11,2025876384,51,0,0,7021.3,44000.0
498,2023-08-12,2025876384,49,1,0,9449.0,44000.0
499,2023-08-13,2025876384,27,2,0,4431.9,44000.0
500,2023-08-14,2025876384,62,2,0,13853.4,44000.0
501,2023-08-15,2025876384,66,2,0,13147.2,44000.0
502,2023-08-16,2025876384,101,5,0,22930.6,44000.0
503,2023-08-17,2025876384,117,1,0,33991.1,44000.0
504,2023-08-18,2025876384,122,3,0,33903.1,44000.0
505,2023-08-19,2025876384,45,0,0,6626.4,44000.0
506,2023-08-20,2025876384,84,1,0,16977.4,44000.0
507,2023-08-21,2025876384,162,3,0,38142.5,44000.0
508,2023-08-22,2025876384,172,4,0,39591.2,44000.0
509,2023-08-23,2025876384,186,3,0,44376.2,44000.0
510,2023-08-24,2025876384,136,2,0,29269.9,44000.0
511,2023-08-25,2025876384,84,3,0,22048.4,16500.0
512,2023-08-26,2025876384,54,1,0,12183.6,16500.0
513,2023-08-27,2025876384,47,0,0,9040.9,16500.0
514,2023-08-28,2025876384,108,2,0,27302.0,16500.0
515,2023-08-29,2025876384,60,1,0,11118.8,11000.0
516,2023-08-30,2025876384,60,3,0,11443.3,11000.0
517,2023-08-31,2025876384,108,4,0,22000.0,22000.0
518,2023-09-01,2025876384,82,1,0,22390.5,22000.0
519,2023-09-02,2025876384,72,1,0,12875.5,22000.0
520,2023-09-03,2025876384,67,2,0,13479.4,22000.0
521,2023-09-04,2025876384,101,5,0,22009.9,22000.0
522,2023-09-05,2025876384,119,9,0,27245.9,27500.0
523,2023-09-06,2025876384,123,4,0,29189.6,33000.0
524,2023-09-07,2025876384,131,2,0,31957.2,33000.0
525,2023-09-08,2025876384,118,4,0,33789.8,33000.0
526,2023-09-09,2025876384,53,2,0,13202.2,33000.0
527,2023-09-10,2025876384,48,4,0,8672.4,33000.0
528,2022-04-01,2050929554,27,0,0,3481.5,3300.0
529,2022-04-02,2050929554,39,0,0,3553.0,3300.0
530,2022-04-03,2050929554,25,0,1,3545.3,3300.0
531,2022-04-04,2050929554,34,0,3,3588.2,3300.0
532,2022-04-05,2050929554,28,1,2,2535.5,3300.0
533,2022-04-06,2050929554,25,0,0,2713.7,3300.0
534,2022-04-07,2050929554,34,2,1,3422.1,3300.0
535,2022-04-08,2050929554,28,0,1,2582.8,3300.0
536,2022-04-09,2050929554,23,0,2,4568.3,3300.0
537,2022-04-10,2050929554,20,0,1,3800.5,3300.0
538,2022-04-11,2050929554,38,0,5,2206.6,3300.0
539,2022-04-12,2050929554,24,0,0,4095.3,3300.0
540,2022-04-13,2050929554,31,0,1,2494.8,3300.0
541,2022-04-14,2050929554,24,0,2,4027.1,3300.0
542,2022-04-15,2050929554,35,1,1,3280.2,3300.0
543,2022-04-16,2050929554,26,0,0,4198.7,3300.0
544,2022-04-17,2050929554,24,0,0,2046.0,3300.0
545,2022-04-18,2050929554,27,1,0,3803.8,3300.0
546,2022-04-19,2050929554,25,1,1,3430.9,3300.0
547,2022-04-20,2050929554,32,2,2,3467.2,3300.0
548,2022-04-21,2050929554,36,0,0,3817.0,3300.0
549,2022-04-22,2050929554,28,0,1,3390.2,3300.0
550,2022-04-23,2050929554,36,0,0,2470.6,3300.0
551,2022-04-24,2050929554,33,1,2,3400.1,3300.0
552,2022-04-25,2050929554,23,0,0,3493.6,3300.0
553,2022-04-26,2050929554,27,0,1,2478.3,3300.0
554,2022-04-27,2050929554,34,1,1,3689.4,3300.0
555,2022-04-28,2050929554,10,0,0,4787.2,3300.0
556,2022-04-29,2050929554,33,0,0,2393.6,3300.0
557,2022-04-30,2050929554,22,0,0,2272.6,3300.0
558,2022-05-01,2050929554,54,0,0,3249.4,3300.0
559,2022-05-02,2050929554,36,1,3,3028.3,3300.0
560,2022-05-03,2050929554,29,0,0,3515.6,3300.0
561,2022-05-04,2050929554,30,1,2,2702.7,3300.0
562,2022-05-05,2050929554,51,1,1,3230.7,3300.0
563,2022-05-06,2050929554,18,0,0,3676.2,3300.0
564,2022-05-07,2050929554,33,1,1,3502.4,3300.0
565,2022-05-08,2050929554,34,0,1,3150.4,3300.0
566,2022-05-09,2050929554,34,1,2,3269.2,3300.0
567,2022-05-10,2050929554,35,1,0,3265.9,3300.0
568,2022-05-11,2050929554,33,0,4,3415.5,3300.0
569,2022-05-12,2050929554,37,2,2,3302.2,3300.0
570,2022-05-13,2050929554,47,1,1,3132.8,3300.0
571,2022-05-14,2050929554,53,1,0,3726.8,3300.0
572,2022-05-15,2050929554,45,0,1,2528.9,3300.0
573,2022-05-16,2050929554,25,0,0,3304.4,3300.0
574,2022-05-17,2050929554,46,1,1,3228.5,3300.0
575,2022-05-18,2050929554,37,0,2,3504.6,3300.0
576,2022-05-19,2050929554,40,1,2,3196.6,3300.0
577,2022-05-20,2050929554,20,1,0,3448.5,3300.0
578,2022-05-21,2050929554,49,0,0,3195.5,3300.0
579,2022-05-22,2050929554,49,0,1,3088.8,3300.0
580,2022-05-23,2050929554,41,0,0,3230.7,3300.0
581,2022-05-24,2050929554,42,0,0,3190.0,3300.0
582,2022-05-25,2050929554,46,1,1,2999.7,3300.0
583,2022-05-26,2050929554,46,1,4,4381.3,4400.0
584,2022-05-27,2050929554,31,0,2,4408.8,4400.0
585,2022-05-28,2050929554,46,0,0,3943.5,4400.0
586,2022-05-29,2050929554,58,0,1,4824.6,4400.0
587,2022-05-30,2050929554,20,0,0,5153.5,4400.0
588,2022-05-31,2050929554,49,1,1,3507.9,4400.0
589,2022-06-01,2050929554,42,1,3,4467.1,4400.0
590,2022-06-02,2050929554,27,0,0,4667.3,4400.0
591,2022-06-03,2050929554,63,0,0,4464.9,4400.0
592,2022-06-04,2050929554,40,1,0,4477.0,4400.0
593,2022-06-05,2050929554,41,1,0,4812.5,4400.0
594,2022-06-06,2050929554,39,3,1,4273.5,4400.0
595,2022-06-07,2050929554,40,0,0,4573.8,4400.0
596,2022-06-08,2050929554,42,0,1,4589.2,4400.0
597,2022-06-09,2050929554,38,0,4,4401.1,4400.0
598,2022-06-10,2050929554,54,0,1,4658.5,4400.0
599,2022-06-11,2050929554,63,2,1,4373.6,4400.0
600,2022-06-12,2050929554,32,0,0,4420.9,4400.0
601,2022-06-13,2050929554,32,1,0,4283.4,4400.0
602,2022-06-14,2050929554,38,0,0,3598.1,4400.0
603,2022-06-15,2050929554,29,0,4,5083.1,4400.0
604,2022-06-16,2050929554,33,0,1,4342.8,4400.0
605,2022-06-17,2050929554,29,0,3,4923.6,4400.0
606,2022-06-18,2050929554,22,0,0,4197.6,4400.0
607,2022-06-19,2050929554,28,0,2,4148.1,4400.0
608,2022-06-20,2050929554,43,0,2,4171.2,4400.0
609,2022-06-21,2050929554,28,0,2,4890.6,4400.0
610,2022-06-22,2050929554,34,1,4,4963.2,4400.0
611,2022-06-23,2050929554,49,0,2,4315.3,4400.0
612,2022-06-24,2050929554,42,0,3,3465.0,5280.0
613,2022-06-25,2050929554,38,0,0,6338.2,5280.0
614,2022-06-26,2050929554,42,0,1,6976.2,5280.0
615,2022-06-27,2050929554,41,0,2,5263.5,5280.0
616,2022-06-28,2050929554,35,1,0,5854.2,5280.0
617,2022-06-29,2050929554,17,0,0,5009.4,5280.0
618,2022-06-30,2050929554,16,0,2,2355.1,5280.0
619,2022-07-01,2050929554,15,0,0,5261.3,5280.0
620,2022-07-02,2050929554,23,1,0,5743.1,5280.0
621,2022-07-03,2050929554,30,0,1,3456.2,5280.0
622,2022-07-04,2050929554,39,1,0,6604.4,5280.0
623,2022-07-05,2050929554,27,1,2,5679.3,5280.0
624,2022-07-06,2050929554,29,0,0,5255.8,5280.0
625,2022-07-07,2050929554,26,1,1,3419.9,3300.0
626,2022-07-08,2050929554,24,0,4,3293.4,3300.0
627,2022-07-09,2050929554,19,0,1,2261.6,3300.0
628,2022-07-10,2050929554,36,0,0,4306.5,3300.0
629,2022-07-11,2050929554,11,0,0,3368.2,3300.0
630,2022-07-12,2050929554,27,0,2,3592.6,3300.0
631,2022-07-13,2050929554,18,2,3,3329.7,3300.0
632,2022-07-14,2050929554,19,1,2,4242.7,3300.0
633,2022-07-15,2050929554,23,0,3,2802.8,3300.0
634,2022-07-16,2050929554,18,0,0,2836.9,3300.0
635,2022-07-17,2050929554,24,0,1,3564.0,3300.0
636,2022-07-18,2050929554,17,0,0,2984.3,3300.0
637,2022-07-19,2050929554,17,0,0,3951.2,3850.0
638,2022-07-20,2050929554,24,0,0,4056.8,3850.0
639,2022-07-21,2050929554,27,1,1,4170.1,3850.0
640,2022-07-22,2050929554,22,1,0,3634.4,3850.0
641,2022-07-23,2050929554,29,0,0,3419.9,3850.0
642,2022-07-24,2050929554,16,0,1,3503.5,3850.0
643,2022-07-25,2050929554,17,0,0,4770.7,3850.0
644,2022-07-26,2050929554,24,1,0,4086.5,3850.0
645,2022-07-27,2050929554,11,1,0,4174.5,3960.0
646,2022-07-28,2050929554,22,0,0,4296.6,3960.0
647,2022-07-29,2050929554,27,0,0,3494.7,3960.0
648,2022-07-30,2050929554,35,2,0,3573.9,3960.0
649,2022-07-31,2050929554,31,0,0,4186.6,3960.0
650,2022-08-01,2050929554,17,0,0,4547.4,3960.0
651,2022-08-02,2050929554,23,1,1,4158.0,3960.0
652,2022-08-03,2050929554,32,0,1,3931.4,3960.0
653,2022-08-04,2050929554,26,0,1,3606.9,3300.0
654,2022-08-05,2050929554,27,0,0,3201.0,3300.0
655,2022-08-06,2050929554,21,0,0,3342.9,3300.0
656,2022-08-07,2050929554,29,0,2,2601.5,3300.0
657,2022-08-08,2050929554,14,0,0,3682.8,3300.0
658,2022-08-09,2050929554,26,2,1,4147.0,3300.0
659,2022-08-10,2050929554,34,0,1,4453.9,5500.0
660,2022-08-11,2050929554,37,1,0,5076.5,5500.0
661,2022-08-12,2050929554,34,0,2,7664.8,5500.0
662,2022-08-13,2050929554,45,1,0,5007.2,5500.0
663,2022-08-14,2050929554,23,0,1,4826.8,5500.0
664,2022-08-15,2050929554,46,0,0,5759.6,5500.0
665,2022-08-16,2050929554,43,1,0,5911.4,5500.0
666,2022-08-17,2050929554,31,0,0,6732.0,6600.0
667,2022-08-18,2050929554,54,1,0,6908.0,7700.0
668,2022-08-19,2050929554,42,0,1,8893.5,7700.0
669,2022-08-20,2050929554,39,1,1,6187.5,7700.0
670,2022-08-21,2050929554,48,2,0,9005.7,7700.0
671,2022-08-22,2050929554,40,0,1,8536.0,7700.0
672,2022-08-23,2050929554,40,0,0,7046.6,7700.0
673,2022-08-24,2050929554,30,0,3,7218.2,7700.0
674,2022-08-25,2050929554,23,0,2,3874.2,4400.0
675,2022-08-26,2050929554,29,1,2,4522.1,4400.0
676,2022-08-27,2050929554,27,0,0,4172.3,4400.0
677,2022-08-28,2050929554,26,1,0,5099.6,4400.0
678,2022-08-29,2050929554,25,0,1,4485.8,4400.0
679,2022-08-30,2050929554,18,0,1,4451.7,4400.0
680,2022-08-31,2050929554,11,0,0,1952.5,1650.0
681,2022-09-01,2050929554,25,0,0,2898.5,5500.0
682,2022-09-02,2050929554,36,1,1,8199.4,5500.0
683,2022-09-03,2050929554,31,0,1,5438.4,5500.0
684,2022-09-04,2050929554,34,1,0,5320.7,5500.0
685,2022-09-05,2050929554,17,0,0,5667.2,5500.0
686,2022-09-06,2050929554,31,1,0,5865.2,5500.0
687,2022-09-07,2050929554,40,1,1,5038.0,5500.0
688,2022-09-08,2050929554,31,1,2,6201.8,5500.0
689,2022-09-09,2050929554,33,1,3,5486.8,5500.0
690,2022-09-10,2050929554,34,0,1,5940.0,5500.0
691,2022-09-11,2050929554,46,1,1,5990.6,5500.0
692,2022-09-12,2050929554,27,0,0,5913.6,5500.0
693,2022-09-13,2050929554,44,0,1,6230.4,5500.0
694,2022-09-14,2050929554,27,1,0,5782.7,5500.0
695,2022-09-15,2050929554,21,0,1,2520.1,5500.0
696,2022-09-16,2050929554,34,0,0,6455.9,5500.0
697,2022-09-17,2050929554,45,0,1,6251.3,5500.0
698,2022-09-18,2050929554,47,0,2,5589.1,5500.0
699,2022-09-19,2050929554,29,0,1,5694.7,5500.0
700,2022-09-20,2050929554,22,0,1,5404.3,5500.0
701,2022-09-21,2050929554,44,1,2,5496.7,5500.0
702,2022-09-22,2050929554,29,0,0,5866.3,5500.0
703,2022-09-23,2050929554,34,0,0,6171.0,5500.0
704,2022-09-24,2050929554,51,2,0,5667.2,5500.0
705,2022-09-25,2050929554,36,1,0,5611.1,5500.0
706,2022-09-26,2050929554,34,2,0,5150.2,5500.0
707,2022-09-27,2050929554,41,0,1,4889.5,5500.0
708,2022-09-28,2050929554,26,0,1,4549.6,5500.0
709,2022-09-29,2050929554,40,0,2,5339.4,5500.0
710,2022-09-30,2050929554,27,0,0,4425.3,5500.0
711,2022-10-01,2050929554,42,0,0,5111.7,5500.0
712,2022-10-02,2050929554,36,0,1,5518.7,5500.0
713,2022-10-03,2050929554,20,1,0,5667.2,5500.0
714,2022-10-04,2050929554,41,0,3,4983.0,5500.0
715,2022-10-05,2050929554,32,0,0,5710.1,5500.0
716,2022-10-06,2050929554,42,0,3,5617.7,5500.0
717,2022-10-07,2050929554,45,0,0,5566.0,5500.0
718,2022-10-08,2050929554,24,0,1,5287.7,5500.0
719,2022-10-09,2050929554,37,1,0,4952.2,5500.0
720,2022-10-10,2050929554,31,0,0,5821.2,5500.0
721,2022-10-11,2050929554,18,0,0,5826.7,5500.0
722,2022-10-12,2050929554,29,0,0,5881.7,5500.0
723,2022-10-13,2050929554,48,0,0,4855.4,5500.0
724,2022-10-14,2050929554,39,1,0,4385.7,5500.0
725,2022-10-15,2050929554,40,0,0,5784.9,5500.0
726,2022-10-16,2050929554,41,0,0,5735.4,5500.0
727,2022-10-17,2050929554,27,1,1,5472.5,5500.0
728,2022-10-18,2050929554,32,0,2,4100.8,5500.0
729,2022-10-19,2050929554,31,0,2,6069.8,5500.0
730,2022-10-20,2050929554,37,0,2,5753.0,5500.0
731,2022-10-21,2050929554,42,1,0,5209.6,5500.0
732,2022-10-22,2050929554,41,0,0,3742.2,5500.0
733,2022-10-23,2050929554,27,1,0,7466.8,5500.0
734,2022-10-24,2050929554,18,0,2,6209.5,5500.0
735,2022-10-25,2050929554,27,0,2,5067.7,5500.0
736,2022-10-26,2050929554,23,0,2,6223.8,5500.0
737,2022-10-27,2050929554,28,1,1,5523.1,5500.0
738,2022-10-28,2050929554,28,0,0,3274.7,5500.0
739,2022-10-29,2050929554,38,1,0,6570.3,5500.0
740,2022-10-30,2050929554,29,0,0,4838.9,5500.0
741,2022-10-31,2050929554,42,0,2,7354.6,11000.0
742,2022-11-01,2050929554,59,0,3,10706.3,11000.0
743,2022-11-02,2050929554,54,0,3,11467.5,11000.0
744,2022-11-03,2050929554,48,0,0,11141.9,11000.0
745,2022-11-04,2050929554,40,0,1,10371.9,11000.0
746,2022-11-05,2050929554,46,0,1,5045.7,11000.0
747,2022-11-06,2050929554,89,0,0,17210.6,11000.0
748,2022-11-07,2050929554,66,0,0,13907.3,11000.0
749,2022-11-08,2050929554,69,1,1,12952.5,11000.0
750,2022-11-09,2050929554,74,0,2,11617.1,11000.0
751,2022-11-10,2050929554,50,0,1,10891.1,11000.0
752,2022-11-11,2050929554,70,0,2,11533.5,11000.0
753,2022-11-12,2050929554,48,1,3,12630.2,11000.0
754,2022-11-13,2050929554,42,0,2,12240.8,11000.0
755,2022-11-14,2050929554,40,1,1,11031.9,11000.0
756,2022-11-15,2050929554,50,1,2,7902.4,11000.0
757,2022-11-16,2050929554,20,2,0,11969.1,11000.0
758,2022-11-17,2050929554,29,0,0,13461.8,13200.0
759,2022-11-18,2050929554,32,0,0,7439.3,15950.0
760,2022-11-19,2050929554,61,1,0,15749.8,15950.0
761,2022-11-20,2050929554,86,0,0,21404.9,15950.0
762,2022-11-21,2050929554,51,0,2,19306.1,15950.0
763,2022-11-22,2050929554,16,0,1,16544.0,15950.0
764,2022-11-23,2050929554,69,1,1,17116.0,15950.0
765,2022-11-24,2050929554,63,1,0,17361.3,15950.0
766,2022-11-25,2050929554,64,0,0,18508.6,15950.0
767,2022-11-26,2050929554,76,0,0,14833.5,15950.0
768,2022-11-27,2050929554,87,0,0,16263.5,15950.0
769,2022-11-28,2050929554,71,2,1,15571.6,15950.0
770,2022-11-29,2050929554,84,1,0,13888.6,15950.0
771,2022-11-30,2050929554,62,2,2,13302.3,15950.0
772,2022-12-01,2050929554,40,0,1,15118.4,12650.0
773,2022-12-02,2050929554,43,0,1,12573.0,12650.0
774,2022-12-03,2050929554,46,0,0,12588.4,12650.0
775,2022-12-04,2050929554,61,0,0,11302.5,12650.0
776,2022-12-05,2050929554,28,1,1,13799.5,12650.0
777,2022-12-06,2050929554,43,0,3,10596.3,11000.0
778,2022-12-07,2050929554,49,0,0,12036.2,11000.0
779,2022-12-08,2050929554,36,1,1,12276.0,11000.0
780,2022-12-09,2050929554,43,0,1,8267.6,11000.0
781,2022-12-10,2050929554,34,0,0,12686.3,11000.0
782,2022-12-11,2050929554,53,0,0,6598.9,11000.0
783,2022-12-12,2050929554,53,0,1,14988.6,11000.0
784,2022-12-13,2050929554,41,0,1,14095.4,11000.0
785,2022-12-14,2050929554,31,0,2,12282.6,11000.0
786,2022-12-15,2050929554,42,0,0,11567.6,11000.0
787,2022-12-16,2050929554,50,0,2,11588.5,11000.0
788,2022-12-17,2050929554,58,0,0,9216.9,11000.0
789,2022-12-18,2050929554,63,0,1,11745.8,11000.0
790,2022-12-19,2050929554,53,0,0,12741.3,11000.0
791,2022-12-20,2050929554,48,2,1,11240.9,11000.0
792,2022-12-21,2050929554,52,2,0,11270.6,11000.0
793,2022-12-22,2050929554,47,1,1,8327.0,8800.0
794,2022-12-23,2050929554,37,1,0,8234.6,7700.0
795,2022-12-24,2050929554,49,1,1,6650.6,7700.0
796,2022-12-25,2050929554,41,1,0,10120.0,7700.0
797,2022-12-26,2050929554,25,0,1,7183.0,6160.0
798,2022-12-27,2050929554,28,0,0,5644.1,6160.0
799,2022-12-28,2050929554,29,1,1,6527.4,6160.0
800,2022-12-29,2050929554,33,0,0,5328.4,6160.0
801,2022-12-30,2050929554,32,0,1,6321.7,6160.0
802,2022-12-31,2050929554,34,1,0,5563.8,6160.0
803,2023-01-01,2050929554,22,0,0,5819.0,5500.0
804,2023-01-02,2050929554,39,1,1,6146.8,5500.0
805,2023-01-03,2050929554,41,0,0,3109.7,5500.0
806,2023-01-04,2050929554,30,0,0,5883.9,5500.0
807,2023-01-05,2050929554,135,1,1,15455.0,16500.0
808,2023-01-06,2050929554,115,0,0,11596.2,11000.0
809,2023-01-07,2050929554,50,1,0,5489.0,5500.0
810,2023-01-08,2050929554,120,0,0,15559.5,15400.0
811,2023-01-09,2050929554,133,1,0,13586.1,15400.0
812,2023-01-10,2050929554,27,1,0,2718.1,20900.0
813,2023-01-11,2050929554,20,0,2,1578.5,20900.0
814,2023-01-12,2050929554,125,1,3,24163.7,20900.0
815,2023-01-13,2050929554,48,1,1,5662.8,20900.0
816,2023-01-14,2050929554,57,1,0,4638.7,11000.0
817,2023-01-15,2050929554,71,1,1,8587.7,11000.0
818,2023-01-16,2050929554,89,0,0,12642.3,11000.0
819,2023-01-17,2050929554,54,0,0,7928.8,11000.0
820,2023-01-18,2050929554,32,2,0,2146.1,11000.0
821,2023-01-19,2050929554,36,0,0,4064.5,11000.0
822,2023-01-20,2050929554,28,3,1,3787.3,5500.0
823,2023-01-21,2050929554,39,0,0,2709.3,5500.0
824,2023-01-22,2050929554,33,1,0,3176.8,5500.0
825,2023-01-23,2050929554,63,2,0,6212.8,5500.0
826,2023-01-24,2050929554,66,1,1,8345.7,5500.0
827,2023-01-25,2050929554,36,1,0,5359.2,4400.0
828,2023-01-26,2050929554,42,1,1,4224.0,4400.0
829,2023-01-27,2050929554,38,1,0,4021.6,4400.0
830,2023-01-28,2050929554,40,0,0,4983.0,4400.0
831,2023-01-29,2050929554,39,0,0,4375.8,4400.0
832,2023-01-30,2050929554,39,1,0,4044.7,4400.0
833,2023-01-31,2050929554,17,0,1,2297.9,2200.0
834,2023-02-01,2050929554,47,1,1,6560.4,10560.0
835,2023-02-02,2050929554,56,0,1,6265.6,10560.0
836,2023-02-03,2050929554,46,0,2,6701.2,5500.0
837,2023-02-04,2050929554,45,0,0,5361.4,5500.0
838,2023-02-05,2050929554,66,0,0,5484.6,5500.0
839,2023-02-06,2050929554,32,0,1,5875.1,5500.0
840,2023-02-07,2050929554,34,1,1,5186.5,5500.0
841,2023-02-08,2050929554,49,2,0,5099.6,5500.0
842,2023-02-09,2050929554,41,1,0,6121.5,5500.0
843,2023-02-10,2050929554,23,1,1,6260.1,5500.0
844,2023-02-11,2050929554,32,0,1,5608.9,5500.0
845,2023-02-12,2050929554,28,1,0,5460.4,5500.0
846,2023-02-13,2050929554,33,1,1,5054.5,5500.0
847,2023-02-14,2050929554,18,2,0,5562.7,5500.0
848,2023-02-15,2050929554,36,0,0,5450.5,5500.0
849,2023-02-16,2050929554,22,2,0,5078.7,5500.0
850,2023-02-17,2050929554,24,2,0,5524.2,5500.0
851,2023-02-18,2050929554,22,0,0,6757.3,5500.0
852,2023-02-19,2050929554,34,0,0,5500.0,5500.0
853,2023-02-20,2050929554,22,0,0,5427.4,5500.0
854,2023-02-21,2050929554,26,0,0,5812.4,5500.0
855,2023-02-22,2050929554,28,1,0,5406.5,5500.0
856,2023-02-23,2050929554,11,0,0,6370.1,5500.0
857,2023-02-24,2050929554,14,0,0,5821.2,5500.0
858,2023-02-25,2050929554,20,0,0,4836.7,5500.0
859,2023-02-26,2050929554,28,0,0,5509.9,5500.0
860,2023-02-27,2050929554,26,0,0,5646.3,5500.0
861,2023-02-28,2050929554,57,2,1,8338.0,8800.0
862,2023-03-01,2050929554,40,1,0,8325.9,8800.0
863,2023-03-02,2050929554,23,0,1,6812.3,6600.0
864,2023-03-03,2050929554,49,2,0,6965.2,6600.0
865,2023-03-04,2050929554,30,0,0,6560.4,6600.0
866,2023-03-05,2050929554,54,0,0,7122.5,6600.0
867,2023-03-06,2050929554,44,1,2,6513.1,6600.0
868,2023-03-07,2050929554,44,1,0,6685.8,6600.0
869,2023-03-08,2050929554,61,1,0,6249.1,6600.0
870,2023-03-09,2050929554,27,0,0,6636.3,6600.0
871,2023-03-10,2050929554,39,0,1,6444.9,6600.0
872,2023-03-11,2050929554,47,0,0,5067.7,6600.0
873,2023-03-12,2050929554,50,0,0,6438.3,6600.0
874,2023-03-13,2050929554,62,0,1,6168.8,6600.0
875,2023-03-14,2050929554,47,0,3,6741.9,6600.0
876,2023-03-15,2050929554,40,1,1,6602.2,6600.0
877,2023-03-16,2050929554,41,3,1,5847.6,6600.0
878,2023-03-17,2050929554,22,0,0,2174.7,6600.0
879,2023-03-18,2050929554,57,1,0,8488.7,6600.0
880,2023-03-19,2050929554,62,2,0,11026.4,6600.0
881,2023-03-20,2050929554,51,5,2,10236.6,6600.0
882,2023-03-21,2050929554,42,0,1,8995.8,6600.0
883,2023-03-22,2050929554,39,1,0,8308.3,6600.0
884,2023-03-23,2050929554,23,0,0,6419.6,5280.0
885,2023-03-24,2050929554,31,2,0,6703.4,5280.0
886,2023-03-25,2050929554,21,0,0,5344.9,5280.0
887,2023-03-26,2050929554,41,2,0,5430.7,5280.0
888,2023-03-27,2050929554,36,1,1,5150.2,5280.0
889,2023-03-28,2050929554,26,0,1,6310.7,5280.0
890,2023-03-29,2050929554,40,1,0,4585.9,5280.0
891,2023-03-30,2050929554,26,0,1,5032.5,5280.0
892,2023-03-31,2050929554,17,0,0,3943.5,5280.0
893,2023-04-01,2050929554,80,2,0,9926.4,9130.0
894,2023-04-02,2050929554,82,3,0,9224.6,9130.0
895,2023-04-03,2050929554,58,3,1,9307.1,9130.0
896,2023-04-04,2050929554,70,0,1,9562.3,9130.0
897,2023-04-05,2050929554,91,0,0,9688.8,9130.0
898,2023-04-06,2050929554,100,0,0,11612.7,9130.0
899,2023-04-07,2050929554,84,3,0,9117.9,9130.0
900,2023-04-08,2050929554,77,0,0,8808.8,9130.0
901,2023-04-09,2050929554,92,1,0,9006.8,9130.0
902,2023-04-10,2050929554,87,1,1,9166.3,9130.0
903,2023-04-11,2050929554,64,2,2,10501.7,9130.0
904,2023-04-12,2050929554,80,2,1,9972.6,9130.0
905,2023-04-13,2050929554,68,4,1,9297.2,9130.0
906,2023-04-14,2050929554,31,0,0,10709.6,9130.0
907,2023-04-15,2050929554,32,0,0,9522.7,9130.0
908,2023-04-16,2050929554,45,1,0,7979.4,9130.0
909,2023-04-17,2050929554,55,1,0,9018.9,9130.0
910,2023-04-18,2050929554,62,0,1,8758.2,9130.0
911,2023-04-19,2050929554,83,2,2,8883.6,9130.0
912,2023-04-20,2050929554,24,0,0,8782.4,9130.0
913,2023-04-21,2050929554,52,0,0,9055.2,9130.0
914,2023-04-22,2050929554,70,0,0,8306.1,9130.0
915,2023-04-23,2050929554,30,0,0,8918.8,9130.0
916,2023-04-24,2050929554,66,0,1,8661.4,9130.0
917,2023-04-25,2050929554,69,0,0,9397.3,9130.0
918,2023-04-26,2050929554,77,1,0,8415.0,9130.0
919,2023-04-27,2050929554,60,2,0,8858.3,9130.0
920,2023-04-28,2050929554,71,2,0,8234.6,9130.0
921,2023-04-29,2050929554,78,0,0,7738.5,9130.0
922,2023-04-30,2050929554,78,0,0,7843.0,9130.0
923,2023-05-01,2050929554,87,0,1,9309.3,9130.0
924,2023-05-02,2050929554,82,0,0,9220.2,9130.0
925,2023-05-03,2050929554,95,2,0,9650.3,9130.0
926,2023-05-04,2050929554,73,3,0,9759.2,9130.0
927,2023-05-05,2050929554,95,3,0,10820.7,9130.0
928,2023-05-06,2050929554,61,1,0,9355.5,9130.0
929,2023-05-07,2050929554,86,1,0,9148.7,9130.0
930,2023-05-08,2050929554,47,0,1,8930.9,9130.0
931,2023-05-09,2050929554,27,0,0,10452.2,9130.0
932,2023-05-10,2050929554,76,0,0,8901.2,9130.0
933,2023-05-11,2050929554,78,0,1,11123.2,11000.0
934,2023-05-12,2050929554,51,1,0,11036.3,11000.0
935,2023-05-13,2050929554,96,2,0,10585.3,11000.0
936,2023-05-14,2050929554,130,0,0,11492.8,11000.0
937,2023-05-15,2050929554,52,1,1,11312.4,11000.0
938,2023-05-16,2050929554,75,2,2,11475.2,11000.0
939,2023-05-17,2050929554,130,2,1,11401.5,11000.0
940,2023-05-18,2050929554,93,1,0,10843.8,11000.0
941,2023-05-19,2050929554,73,1,2,10530.3,11000.0
942,2023-05-20,2050929554,88,5,0,10938.4,11000.0
943,2023-05-21,2050929554,81,0,0,14011.8,11000.0
944,2023-05-22,2050929554,71,2,1,10832.8,11000.0
945,2023-05-23,2050929554,50,0,0,10882.3,11000.0
946,2023-05-24,2050929554,50,0,0,11077.0,11000.0
947,2023-05-25,2050929554,87,4,1,11226.6,11000.0
948,2023-05-26,2050929554,130,3,0,10600.7,11000.0
949,2023-05-27,2050929554,92,2,0,10160.7,11000.0
950,2023-05-28,2050929554,95,2,0,10505.0,11000.0
951,2023-05-29,2050929554,80,3,0,10610.6,11000.0
952,2023-05-30,2050929554,84,1,1,10841.6,11000.0
953,2023-05-31,2050929554,84,0,0,9487.5,11000.0
954,2023-06-01,2050929554,97,0,0,11246.4,11000.0
955,2023-06-02,2050929554,78,0,0,11122.1,11000.0
956,2023-06-03,2050929554,80,0,0,10661.2,11000.0
957,2023-06-04,2050929554,92,1,0,12010.9,11000.0
958,2023-06-05,2050929554,51,2,0,12046.1,8800.0
959,2023-06-06,2050929554,68,0,0,9416.0,8800.0
960,2023-06-07,2050929554,61,2,0,9131.1,8800.0
961,2023-06-08,2050929554,84,0,3,10424.7,8800.0
962,2023-06-09,2050929554,47,3,0,8814.3,8800.0
963,2023-06-10,2050929554,83,2,0,8835.2,8800.0
964,2023-06-11,2050929554,75,1,1,8477.7,8800.0
965,2023-06-12,2050929554,92,1,1,9143.2,8800.0
966,2023-06-13,2050929554,53,0,0,9576.6,8800.0
967,2023-06-14,2050929554,64,1,2,9313.7,8800.0
968,2023-06-15,2050929554,70,1,1,8963.9,8800.0
969,2023-06-16,2050929554,59,0,1,8322.6,6600.0
970,2023-06-17,2050929554,46,0,0,7040.0,6600.0
971,2023-06-18,2050929554,64,0,0,7993.7,6600.0
972,2023-06-19,2050929554,47,1,2,7917.8,6600.0
973,2023-06-20,2050929554,47,0,0,6416.3,6600.0
974,2023-06-21,2050929554,52,1,1,7065.3,6600.0
975,2023-06-22,2050929554,52,0,2,7282.0,6600.0
976,2023-06-23,2050929554,50,0,2,6253.5,6600.0
977,2023-06-24,2050929554,48,0,0,6314.0,6600.0
978,2023-06-25,2050929554,50,0,0,6199.6,6600.0
979,2023-06-26,2050929554,47,1,1,7057.6,6600.0
980,2023-06-27,2050929554,46,4,2,5816.8,6600.0
981,2023-06-28,2050929554,55,0,1,5863.0,6600.0
982,2023-06-29,2050929554,45,3,0,5687.0,6600.0
983,2023-06-30,2050929554,57,0,0,5528.6,6600.0
984,2023-07-01,2050929554,68,0,0,6568.1,6600.0
985,2023-07-02,2050929554,72,2,0,6844.2,6600.0
986,2023-07-03,2050929554,82,0,0,6570.3,6600.0
987,2023-07-04,2050929554,89,0,0,6778.2,6600.0
988,2023-07-05,2050929554,102,0,1,6770.5,6600.0
989,2023-07-06,2050929554,83,5,0,6644.0,6600.0
990,2023-07-07,2050929554,105,0,0,6613.2,6600.0
991,2023-07-08,2050929554,100,0,0,7024.6,6600.0
992,2023-07-09,2050929554,134,0,0,6571.4,6600.0
993,2023-07-10,2050929554,90,1,0,6560.4,6600.0
994,2023-07-11,2050929554,86,0,0,7056.5,6600.0
995,2023-07-12,2050929554,61,1,0,6851.9,6600.0
996,2023-07-13,2050929554,77,0,0,6248.0,6600.0
997,2023-07-14,2050929554,55,0,0,6474.6,6600.0
998,2023-07-15,2050929554,77,0,0,6382.2,6600.0
999,2023-07-16,2050929554,90,0,0,6840.9,6600.0
1000,2023-07-17,2050929554,176,0,0,6491.1,6600.0
1001,2023-07-18,2050929554,75,1,0,6475.7,6600.0
1002,2023-07-19,2050929554,71,0,0,6516.4,6600.0
1003,2023-07-20,2050929554,76,1,0,5798.1,6600.0
1004,2023-07-21,2050929554,113,0,0,9009.0,8800.0
1005,2023-07-22,2050929554,147,2,0,9093.7,8800.0
1006,2023-07-23,2050929554,96,0,0,9117.9,8800.0
1007,2023-07-24,2050929554,114,1,0,9127.8,8800.0
1008,2023-07-25,2050929554,87,0,0,8967.2,8800.0
1009,2023-07-26,2050929554,86,2,2,9252.1,8800.0
1010,2023-07-27,2050929554,123,2,0,8708.7,8800.0
1011,2023-07-28,2050929554,105,2,0,8077.3,8800.0
1012,2023-07-29,2050929554,120,2,0,8864.9,8800.0
1013,2023-07-30,2050929554,124,1,0,8564.6,8800.0
1014,2023-07-31,2050929554,104,1,0,7980.5,8800.0
1015,2023-08-01,2050929554,121,2,0,8950.7,8800.0
1016,2023-08-02,2050929554,144,0,0,8955.1,8800.0
1017,2023-08-03,2050929554,145,1,0,8674.6,8800.0
1018,2023-08-04,2050929554,101,0,0,9588.7,8800.0
1019,2023-08-05,2050929554,116,0,0,9354.4,8800.0
1020,2023-08-06,2050929554,92,0,0,8801.1,8800.0
1021,2023-08-07,2050929554,75,2,0,7867.2,8800.0
1022,2023-08-08,2050929554,76,0,1,9397.3,8800.0
1023,2023-08-09,2050929554,80,0,0,8979.3,8800.0
1024,2023-08-10,2050929554,117,1,1,9130.0,8800.0
1025,2023-08-11,2050929554,104,0,0,8622.9,8800.0
1026,2023-08-12,2050929554,97,0,0,9049.7,8800.0
1027,2023-08-13,2050929554,111,0,0,8884.7,8800.0
1028,2023-08-14,2050929554,88,1,0,8764.8,8800.0
1029,2023-08-15,2050929554,81,0,0,8488.7,8800.0
1030,2023-08-16,2050929554,103,0,1,8706.5,8800.0
1031,2023-08-17,2050929554,87,1,2,8624.0,8800.0
1032,2023-08-18,2050929554,69,0,0,8882.5,8800.0
1033,2023-08-19,2050929554,88,0,0,7980.5,8800.0
1034,2023-08-20,2050929554,80,0,0,7630.7,8800.0
1035,2023-08-21,2050929554,70,1,0,6536.2,6600.0
1036,2023-08-22,2050929554,56,2,1,4622.2,6600.0
1037,2023-08-23,2050929554,94,0,1,6268.9,6600.0
1038,2023-08-24,2050929554,74,1,0,8088.3,6600.0
1039,2023-08-25,2050929554,62,0,1,5319.6,5500.0
1040,2023-08-26,2050929554,45,1,1,3765.3,5500.0
1041,2023-08-27,2050929554,44,0,0,4095.3,5500.0
1042,2023-08-28,2050929554,57,1,1,8424.9,5500.0
1043,2023-08-29,2050929554,71,1,1,5733.2,5500.0
1044,2023-08-30,2050929554,36,2,0,6139.1,5500.0
1045,2023-08-31,2050929554,90,0,0,6594.5,6600.0
1046,2023-09-01,2050929554,101,0,0,6675.9,6600.0
1047,2023-09-02,2050929554,120,0,0,7095.0,6600.0
1048,2023-09-03,2050929554,128,1,0,6964.1,6600.0
1049,2023-09-04,2050929554,169,0,1,8795.6,8800.0
1050,2023-09-05,2050929554,93,2,1,7624.1,8800.0
1051,2023-09-06,2050929554,190,0,0,10249.8,8800.0
1052,2023-09-07,2050929554,109,3,2,6509.8,8800.0
1053,2023-09-08,2050929554,129,1,1,7121.4,8800.0
1054,2023-09-09,2050929554,84,0,0,4867.5,8800.0
1055,2023-09-10,2050929554,52,2,0,3956.7,8800.0
1056,2022-04-01,9473510839,53,0,0,7024.6,22000.0
1057,2022-04-02,9473510839,49,0,0,3377.0,22000.0
1058,2022-04-03,9473510839,253,2,3,12515.8,22000.0
1059,2022-04-04,9473510839,337,2,2,22647.9,22000.0
1060,2022-04-05,9473510839,299,1,0,17186.4,22000.0
1061,2022-04-06,9473510839,416,4,0,30144.4,22000.0
1062,2022-04-07,9473510839,123,0,0,22075.9,22000.0
1063,2022-04-08,9473510839,197,0,1,21916.4,22000.0
1064,2022-04-09,9473510839,126,0,0,22744.7,22000.0
1065,2022-04-10,9473510839,145,0,3,17298.6,22000.0
1066,2022-04-11,9473510839,180,1,1,14745.5,22000.0
1067,2022-04-12,9473510839,382,1,0,32085.9,22000.0
1068,2022-04-13,9473510839,361,0,0,25062.4,22000.0
1069,2022-04-14,9473510839,351,1,1,22061.6,22000.0
1070,2022-04-15,9473510839,362,4,0,23642.3,22000.0
1071,2022-04-16,9473510839,688,5,0,33595.1,22000.0
1072,2022-04-17,9473510839,813,3,1,33529.1,33000.0
1073,2022-04-18,9473510839,851,2,0,32931.8,33000.0
1074,2022-04-19,9473510839,798,7,1,33838.2,33000.0
1075,2022-04-20,9473510839,410,1,1,15383.5,33000.0
1076,2022-04-21,9473510839,63,0,0,2182.4,33000.0
1077,2022-04-22,9473510839,1627,1,1,66590.7,33000.0
1078,2022-04-23,9473510839,954,0,0,53128.9,33000.0
1079,2022-04-24,9473510839,629,1,0,44140.8,33000.0
1080,2022-04-25,9473510839,427,0,0,18828.7,33000.0
1081,2022-04-26,9473510839,93,0,0,3472.7,33000.0
1082,2022-04-27,9473510839,510,4,3,33991.1,33000.0
1083,2022-04-28,9473510839,632,4,0,60915.8,33000.0
1084,2022-04-29,9473510839,417,0,1,39915.7,27500.0
1085,2022-04-30,9473510839,385,3,0,28307.4,27500.0
1086,2022-05-01,9473510839,107,0,0,5504.4,27500.0
1087,2022-05-02,9473510839,60,0,0,2665.3,27500.0
1088,2022-05-03,9473510839,185,3,1,13486.0,27500.0
1089,2022-05-04,9473510839,935,3,0,55669.9,27500.0
1090,2022-05-05,9473510839,1437,5,0,56955.8,27500.0
1091,2022-05-06,9473510839,611,2,1,30681.2,27500.0
1092,2022-05-07,9473510839,382,0,0,28446.0,27500.0
1093,2022-05-08,9473510839,406,1,1,20771.3,27500.0
1094,2022-05-09,9473510839,134,1,1,8233.5,27500.0
1095,2022-05-10,9473510839,663,3,0,53823.0,27500.0
1096,2022-05-11,9473510839,313,3,1,30855.0,27500.0
1097,2022-05-12,9473510839,132,1,0,10810.8,27500.0
1098,2022-05-13,9473510839,388,4,0,38919.1,27500.0
1099,2022-05-14,9473510839,293,1,1,29203.9,27500.0
1100,2022-05-15,9473510839,30,0,0,1743.5,27500.0
1101,2022-05-16,9473510839,286,0,4,23120.9,27500.0
1102,2022-05-17,9473510839,559,2,0,52538.2,27500.0
1103,2022-05-18,9473510839,223,0,0,22392.7,22000.0
1104,2022-05-19,9473510839,42,0,1,2751.1,22000.0
1105,2022-05-20,9473510839,78,0,0,4742.1,22000.0
1106,2022-05-21,9473510839,645,2,2,43672.2,22000.0
1107,2022-05-22,9473510839,550,1,2,39168.8,22000.0
1108,2022-05-23,9473510839,429,3,1,21937.3,22000.0
1109,2022-05-24,9473510839,368,1,1,19891.3,22000.0
1110,2022-05-25,9473510839,395,1,1,23197.9,22000.0
1111,2022-05-26,9473510839,515,0,0,21882.3,22000.0
1112,2022-05-27,9473510839,555,3,0,21166.2,22000.0
1113,2022-05-28,9473510839,86,0,0,3493.6,22000.0
1114,2022-05-29,9473510839,996,2,1,40909.0,22000.0
1115,2022-05-30,9473510839,668,2,2,25941.3,22000.0
1116,2022-05-31,9473510839,303,2,1,17422.9,22000.0
1117,2022-06-01,9473510839,166,1,0,8198.3,22000.0
1118,2022-06-02,9473510839,95,1,0,6114.9,22000.0
1119,2022-06-03,9473510839,566,0,1,30281.9,22000.0
1120,2022-06-04,9473510839,746,2,2,45172.6,22000.0
1121,2022-06-05,9473510839,477,2,1,27083.1,22000.0
1122,2022-06-06,9473510839,184,0,0,8904.5,16500.0
1123,2022-06-07,9473510839,8,0,0,445.5,11000.0
1124,2022-06-08,9473510839,154,3,1,17963.0,11000.0
1125,2022-06-09,9473510839,186,0,2,16823.4,11000.0
1126,2022-06-10,9473510839,62,0,0,11134.2,11000.0
1127,2022-06-11,9473510839,20,0,0,6314.0,11000.0
1128,2022-06-12,9473510839,3,0,0,1621.4,11000.0
1129,2022-06-13,9473510839,12,0,0,5531.9,5500.0
1130,2022-06-14,9473510839,14,0,0,5482.4,5500.0
1131,2022-06-15,9473510839,2,0,0,818.4,5500.0
1132,2022-06-16,9473510839,13,0,0,1249.6,5500.0
1133,2022-06-17,9473510839,11,0,0,2077.9,5500.0
1134,2022-06-18,9473510839,110,0,0,9434.7,5500.0
1135,2022-06-19,9473510839,200,1,0,11074.8,5500.0
1136,2022-06-20,9473510839,31,0,0,3313.2,5500.0
1137,2022-06-21,9473510839,17,0,1,1523.5,5500.0
1138,2022-06-22,9473510839,28,0,1,6190.8,5500.0
1139,2022-06-23,9473510839,76,0,1,10861.4,5500.0
1140,2022-06-24,9473510839,55,0,0,6870.6,6600.0
1141,2022-06-25,9473510839,81,0,0,6620.9,6600.0
1142,2022-06-26,9473510839,39,0,2,1839.2,6600.0
1143,2022-06-27,9473510839,127,0,0,5825.6,22000.0
1144,2022-06-28,9473510839,546,3,0,40032.3,22000.0
1145,2022-06-29,9473510839,348,0,0,23323.3,22000.0
1146,2022-06-30,9473510839,347,0,2,18884.8,22000.0
1147,2022-07-01,9473510839,436,4,1,21601.8,22000.0
1148,2022-07-02,9473510839,635,4,1,25190.0,22000.0
1149,2022-07-03,9473510839,603,2,0,24246.2,22000.0
1150,2022-07-04,9473510839,540,1,0,19202.7,22000.0
1151,2022-07-05,9473510839,461,2,3,24102.1,22000.0
1152,2022-07-06,9473510839,383,1,0,22738.1,22000.0
1153,2022-07-07,9473510839,350,0,0,16522.0,22000.0
1154,2022-07-08,9473510839,10,0,0,242.0,22000.0
1155,2022-07-09,9473510839,343,1,0,16603.4,22000.0
1156,2022-07-10,9473510839,139,0,0,7458.0,22000.0
1157,2022-07-11,9473510839,609,2,0,40194.0,22000.0
1158,2022-07-12,9473510839,393,0,0,42916.5,22000.0
1159,2022-07-13,9473510839,176,2,1,25159.2,17600.0
1160,2022-07-14,9473510839,140,0,1,18335.9,17600.0
1161,2022-07-15,9473510839,219,2,0,16739.8,17600.0
1162,2022-07-16,9473510839,187,0,1,21332.3,17600.0
1163,2022-07-17,9473510839,132,2,0,16148.0,17600.0
1164,2022-07-18,9473510839,72,0,1,4822.4,17600.0
1165,2022-07-19,9473510839,60,2,0,2458.5,17600.0
1166,2022-07-20,9473510839,273,0,0,24560.8,17600.0
1167,2022-07-21,9473510839,334,1,0,35238.5,17600.0
1168,2022-07-22,9473510839,256,2,0,21514.9,17600.0
1169,2022-07-23,9473510839,139,0,1,8254.4,17600.0
1170,2022-07-24,9473510839,77,0,0,5817.9,17600.0
1171,2022-07-25,9473510839,69,0,0,5880.6,17600.0
1172,2022-07-26,9473510839,338,2,0,27596.8,17600.0
1173,2022-07-27,9473510839,435,3,0,35414.5,17600.0
1174,2022-07-28,9473510839,300,1,0,22365.2,17600.0
1175,2022-07-29,9473510839,307,1,2,20675.6,17600.0
1176,2022-07-30,9473510839,243,1,0,13505.8,17600.0
1177,2022-07-31,9473510839,199,1,0,10250.9,17600.0
1178,2022-08-01,9473510839,183,0,0,11068.2,17600.0
1179,2022-08-02,9473510839,328,1,0,23043.9,17600.0
1180,2022-08-03,9473510839,274,1,1,21362.0,17600.0
1181,2022-08-04,9473510839,138,0,0,9620.6,17600.0
1182,2022-08-05,9473510839,15,0,1,1287.0,17600.0
1183,2022-08-06,9473510839,65,0,0,4161.3,17600.0
1184,2022-08-07,9473510839,48,0,0,4371.4,17600.0
1185,2022-08-08,9473510839,118,0,1,15153.6,17600.0
1186,2022-08-09,9473510839,562,0,1,37925.8,17600.0
1187,2022-08-10,9473510839,272,1,1,22435.6,20900.0
1188,2022-08-11,9473510839,310,0,2,20189.4,20900.0
1189,2022-08-12,9473510839,317,2,1,21516.0,20900.0
1190,2022-08-13,9473510839,372,0,1,20670.1,20900.0
1191,2022-08-14,9473510839,353,0,1,20889.0,20900.0
1192,2022-08-15,9473510839,343,1,1,10781.1,20900.0
1193,2022-08-16,9473510839,586,2,2,24868.8,20900.0
1194,2022-08-17,9473510839,214,1,1,26001.8,20900.0
1195,2022-08-18,9473510839,191,0,0,21978.0,20900.0
1196,2022-08-19,9473510839,165,2,0,23084.6,20900.0
1197,2022-08-20,9473510839,121,1,0,21994.5,20900.0
1198,2022-08-21,9473510839,166,1,0,21314.7,20900.0
1199,2022-08-22,9473510839,133,0,1,20816.4,20900.0
1200,2022-08-23,9473510839,133,0,0,23052.7,20900.0
1201,2022-08-24,9473510839,147,1,1,19620.7,20900.0
1202,2022-09-01,9473510839,79,2,1,12454.2,11000.0
1203,2022-09-02,9473510839,76,0,0,11057.2,11000.0
1204,2022-09-03,9473510839,25,0,1,2395.8,11000.0
1205,2022-09-04,9473510839,31,0,2,2336.4,11000.0
1206,2022-09-05,9473510839,57,0,0,6680.3,11000.0
1207,2022-09-06,9473510839,157,1,0,24407.9,11000.0
1208,2022-09-07,9473510839,120,0,1,18129.1,11000.0
1209,2022-09-08,9473510839,88,0,1,16357.0,11000.0
1210,2022-09-09,9473510839,68,0,0,8913.3,11000.0
1211,2022-09-10,9473510839,40,0,1,2912.8,11000.0
1212,2022-09-11,9473510839,76,2,0,11474.1,11000.0
1213,2022-09-12,9473510839,113,1,0,21557.8,11000.0
1214,2022-09-13,9473510839,101,0,0,14683.9,11000.0
1215,2022-09-14,9473510839,66,1,2,12409.1,11000.0
1216,2022-09-15,9473510839,35,2,0,4494.6,11000.0
1217,2022-09-16,9473510839,95,0,1,14397.9,11000.0
1218,2022-09-17,9473510839,90,0,0,13222.0,11000.0
1219,2022-09-18,9473510839,57,0,0,7472.3,11000.0
1220,2022-09-19,9473510839,38,0,1,6020.3,11000.0
1221,2022-09-20,9473510839,85,1,0,17106.1,11000.0
1222,2022-09-21,9473510839,72,0,0,13121.9,11000.0
1223,2022-09-22,9473510839,64,0,0,12023.0,11000.0
1224,2022-09-23,9473510839,69,0,0,14142.7,11000.0
1225,2022-09-24,9473510839,82,0,0,12439.9,11000.0
1226,2022-09-25,9473510839,74,1,1,11163.9,11000.0
1227,2022-09-26,9473510839,98,1,0,11165.0,11000.0
1228,2022-09-27,9473510839,84,2,0,9402.8,11000.0
1229,2022-09-28,9473510839,46,0,0,8592.1,11000.0
1230,2022-09-29,9473510839,50,0,0,6163.3,11000.0
1231,2022-09-30,9473510839,21,0,0,2347.4,11000.0
1232,2022-10-01,9473510839,96,1,0,13900.7,11000.0
1233,2022-10-02,9473510839,98,1,0,14058.0,11000.0
1234,2022-10-03,9473510839,59,0,0,4950.0,11000.0
1235,2022-10-04,9473510839,35,0,0,3162.5,11000.0
1236,2022-10-05,9473510839,108,0,1,12225.4,11000.0
1237,2022-10-06,9473510839,66,1,0,8453.5,11000.0
1238,2022-10-07,9473510839,165,0,2,21431.3,11000.0
1239,2022-10-08,9473510839,129,1,1,14176.8,11000.0
1240,2022-10-09,9473510839,68,0,0,6183.1,11000.0
1241,2022-10-10,9473510839,43,1,0,4635.4,11000.0
1242,2022-10-11,9473510839,22,0,0,1812.8,11000.0
1243,2022-10-12,9473510839,109,0,0,12541.1,11000.0
1244,2022-10-13,9473510839,68,1,0,9038.7,8800.0
1245,2022-10-14,9473510839,28,0,0,2666.4,8800.0
1246,2022-10-15,9473510839,30,0,0,2894.1,8800.0
1247,2022-10-16,9473510839,105,1,1,15094.2,8800.0
1248,2022-10-17,9473510839,99,1,0,15072.2,8800.0
1249,2022-10-18,9473510839,46,0,0,5924.6,8800.0
1250,2022-10-31,9473510839,95,0,0,12433.3,11000.0
1251,2022-11-01,9473510839,80,0,0,12255.1,11000.0
1252,2023-01-05,9473510839,194,1,0,28636.3,16500.0
1253,2023-01-06,9473510839,88,1,0,11388.3,11000.0
1254,2023-01-07,9473510839,45,0,0,5307.5,11000.0
1255,2023-01-08,9473510839,47,0,0,8477.7,11000.0
1256,2023-01-09,9473510839,94,1,0,19497.5,11000.0
1257,2023-01-10,9473510839,59,0,0,10511.6,11000.0
1258,2023-01-11,9473510839,19,0,1,2953.5,11000.0
1259,2023-01-12,9473510839,21,0,0,2300.1,11000.0
1260,2023-01-13,9473510839,51,0,0,9202.6,11000.0
1261,2023-01-14,9473510839,73,1,0,8866.0,11000.0
1262,2023-01-15,9473510839,37,0,1,4924.7,11000.0
1263,2023-01-16,9473510839,34,1,1,5189.8,11000.0
1264,2023-01-17,9473510839,34,1,0,5342.7,11000.0
1265,2023-01-18,9473510839,31,0,0,4664.0,11000.0
1266,2023-01-19,9473510839,21,0,1,3479.3,11000.0
1267,2023-01-20,9473510839,14,2,0,2423.3,5500.0
1268,2023-01-21,9473510839,24,1,0,4430.8,5500.0
1269,2023-01-22,9473510839,51,0,0,8345.7,5500.0
1270,2023-01-23,9473510839,40,0,0,7170.9,5500.0
1271,2023-01-24,9473510839,8,0,0,1279.3,5500.0
1272,2023-01-25,9473510839,18,0,0,2279.2,4400.0
1273,2023-01-26,9473510839,36,0,0,6806.8,4400.0
1274,2023-01-27,9473510839,19,0,0,1798.5,4400.0
1275,2023-01-28,9473510839,40,0,0,4741.0,4400.0
1276,2023-01-29,9473510839,65,0,0,6637.4,4400.0
1277,2023-01-30,9473510839,18,0,0,1731.4,4400.0
1278,2023-01-31,9473510839,22,0,0,1944.8,2200.0
1279,2023-02-01,9473510839,20,0,0,2575.1,3740.0
1280,2023-02-02,9473510839,21,0,0,3551.9,3740.0
1281,2023-02-03,9473510839,23,1,1,2847.9,11000.0
1282,2023-02-04,9473510839,19,0,0,2036.1,11000.0
1283,2023-02-05,9473510839,38,0,1,3697.1,11000.0
1284,2023-02-06,9473510839,20,0,2,2949.1,11000.0
1285,2023-02-07,9473510839,14,0,0,3634.4,11000.0
1286,2023-02-08,9473510839,22,0,0,3495.8,11000.0
1287,2023-02-09,9473510839,18,0,1,2680.7,11000.0
1288,2023-02-10,9473510839,33,0,0,4463.8,11000.0
1289,2023-02-11,9473510839,28,1,0,4083.2,11000.0
1290,2023-02-12,9473510839,27,0,0,2631.2,11000.0
1291,2023-02-13,9473510839,26,1,0,2550.9,11000.0
1292,2023-02-14,9473510839,22,0,0,1978.9,11000.0
1293,2023-02-15,9473510839,20,0,2,3004.1,11000.0
1294,2023-02-16,9473510839,21,0,0,1882.1,11000.0
1295,2023-02-17,9473510839,18,0,0,1524.6,11000.0
1296,2023-02-18,9473510839,19,0,0,2413.4,11000.0
1297,2023-02-19,9473510839,19,0,0,2437.6,11000.0
1298,2023-02-20,9473510839,12,0,0,2050.4,11000.0
1299,2023-02-21,9473510839,19,0,0,2439.8,11000.0
1300,2023-02-22,9473510839,19,0,0,2554.2,11000.0
1301,2023-02-23,9473510839,24,0,2,3507.9,11000.0
1302,2023-02-24,9473510839,25,0,0,2803.9,11000.0
1303,2023-02-25,9473510839,19,1,0,1717.1,11000.0
1304,2023-02-26,9473510839,20,0,0,2099.9,11000.0
1305,2023-02-27,9473510839,7,1,0,1138.5,11000.0
1306,2023-02-28,9473510839,14,0,0,2280.3,11000.0
1307,2023-03-01,9473510839,16,0,0,1644.5,11000.0
1308,2023-03-02,9473510839,9,0,0,1311.2,11000.0
1309,2023-03-03,9473510839,9,2,0,1417.9,11000.0
1310,2023-03-04,9473510839,18,0,0,1964.6,11000.0
1311,2023-03-05,9473510839,22,1,1,2049.3,11000.0
1312,2023-03-06,9473510839,10,0,0,1052.7,11000.0
1313,2023-03-07,9473510839,15,0,0,1756.7,11000.0
1314,2023-03-08,9473510839,10,0,0,980.1,11000.0
1315,2023-03-09,9473510839,15,0,0,1870.0,11000.0
1316,2023-03-10,9473510839,31,0,0,4759.7,11000.0
1317,2023-03-11,9473510839,24,0,0,4068.9,11000.0
1318,2023-03-12,9473510839,19,0,0,2403.5,11000.0
1319,2023-03-13,9473510839,7,0,0,683.1,11000.0
1320,2023-03-14,9473510839,10,0,0,639.1,11000.0
1321,2023-03-15,9473510839,31,0,1,3415.5,8800.0
1322,2023-03-16,9473510839,28,0,0,2321.0,8800.0
1323,2023-03-17,9473510839,19,0,0,3074.5,8800.0
1324,2023-03-18,9473510839,11,0,0,679.8,8800.0
1325,2023-03-19,9473510839,24,0,0,1637.9,8800.0
1326,2023-03-20,9473510839,13,0,0,1482.8,8800.0
1327,2023-03-21,9473510839,15,0,0,2312.2,8800.0
1328,2023-03-22,9473510839,13,0,0,1005.4,8800.0
1329,2023-03-23,9473510839,9,0,1,965.8,8800.0
1330,2023-03-24,9473510839,21,0,0,2234.1,8800.0
1331,2023-03-25,9473510839,25,1,0,2556.4,8800.0
1332,2023-03-26,9473510839,29,0,0,2164.8,8800.0
1333,2023-03-27,9473510839,12,0,0,1082.4,8800.0
1334,2023-03-28,9473510839,15,0,0,2497.0,8800.0
1335,2023-03-29,9473510839,10,0,2,1887.6,8800.0
1336,2023-03-30,9473510839,15,0,1,1607.1,8800.0
1337,2023-03-31,9473510839,12,0,0,1586.2,8800.0
1338,2023-04-01,9473510839,27,0,1,2665.3,8800.0
1339,2023-04-02,9473510839,30,0,0,3088.8,8800.0
1340,2023-04-03,9473510839,16,0,0,1052.7,8800.0
1341,2023-04-04,9473510839,17,0,0,936.1,8800.0
1342,2023-04-05,9473510839,16,1,0,1455.3,8800.0
1343,2023-04-06,9473510839,21,0,0,1698.4,8800.0
1344,2023-04-07,9473510839,14,0,2,1042.8,8800.0
1345,2023-04-08,9473510839,20,0,0,1611.5,8800.0
1346,2023-04-09,9473510839,13,0,0,682.0,8800.0
1347,2023-04-10,9473510839,17,0,1,1358.5,8800.0
1348,2023-04-11,9473510839,11,0,0,679.8,8800.0
1349,2023-04-12,9473510839,16,0,0,2193.4,8800.0
1350,2023-04-13,9473510839,18,0,1,771.1,8800.0
1351,2023-04-14,9473510839,12,0,0,1068.1,3300.0
1352,2023-04-15,9473510839,26,0,0,2433.2,3300.0
1353,2023-04-16,9473510839,36,0,0,3623.4,3300.0
1354,2023-04-17,9473510839,29,1,0,2605.9,3300.0
1355,2023-04-18,9473510839,44,0,1,2964.5,3300.0
1356,2023-04-19,9473510839,38,0,0,2223.1,3300.0
1357,2023-04-20,9473510839,26,0,0,1509.2,3300.0
1358,2023-04-21,9473510839,21,0,0,909.7,3300.0
1359,2023-04-22,9473510839,25,0,0,1531.2,3300.0
1360,2023-04-23,9473510839,31,0,0,3580.5,3300.0
1361,2023-04-24,9473510839,52,0,0,3951.2,3300.0
1362,2023-04-25,9473510839,20,0,0,2036.1,3300.0
1363,2023-04-26,9473510839,15,0,0,2316.6,3300.0
1364,2023-04-27,9473510839,16,0,0,1122.0,3300.0
1365,2023-04-28,9473510839,13,0,0,1227.6,3300.0
1366,2023-04-29,9473510839,33,0,0,5414.2,3300.0
1367,2023-04-30,9473510839,31,0,0,4815.8,3300.0
1368,2023-05-01,9473510839,13,0,0,1223.2,3300.0
1369,2023-05-02,9473510839,14,0,0,931.7,3300.0
1370,2023-05-03,9473510839,16,0,0,1592.8,3300.0
1371,2023-05-04,9473510839,21,0,0,1885.4,3300.0
1372,2023-05-05,9473510839,13,0,0,858.0,3300.0
1373,2023-05-06,9473510839,11,0,0,1311.2,3300.0
1374,2023-05-07,9473510839,18,1,0,1398.1,3300.0
1375,2023-05-08,9473510839,10,0,0,1380.5,3300.0
1376,2023-05-09,9473510839,8,0,0,653.4,3300.0
1377,2023-05-10,9473510839,10,0,0,854.7,3300.0
1378,2023-05-11,9473510839,9,0,0,743.6,3300.0
1379,2023-05-12,9473510839,7,2,0,573.1,3300.0
1380,2023-05-13,9473510839,20,0,0,2602.6,3300.0
1381,2023-05-14,9473510839,32,0,0,3885.2,3300.0
1382,2023-05-15,9473510839,18,0,0,1377.2,3300.0
1383,2023-05-16,9473510839,18,0,0,1948.1,3300.0
1384,2023-05-17,9473510839,8,0,0,1499.3,3300.0
1385,2023-05-18,9473510839,11,0,0,1039.5,3300.0
1386,2023-05-19,9473510839,17,0,1,1729.2,3300.0
1387,2023-05-20,9473510839,15,0,0,1134.1,3300.0
1388,2023-05-21,9473510839,21,0,0,2270.4,3300.0
1389,2023-05-22,9473510839,10,0,1,907.5,3300.0
1390,2023-05-23,9473510839,13,0,0,1791.9,3300.0
1391,2023-05-24,9473510839,11,0,1,797.5,3300.0
1392,2023-05-25,9473510839,3,0,0,205.7,3300.0
1393,2023-05-26,9473510839,12,0,0,794.2,3300.0
1394,2023-05-27,9473510839,11,0,0,1125.3,3300.0
1395,2023-05-28,9473510839,16,0,0,1724.8,3300.0
1396,2023-05-29,9473510839,13,0,0,981.2,3300.0
1397,2023-05-30,9473510839,24,2,0,1949.2,3300.0
1398,2023-05-31,9473510839,23,0,0,1964.6,3300.0
1399,2023-06-01,9473510839,16,0,0,1343.1,3300.0
1400,2023-06-02,9473510839,15,0,0,1093.4,3300.0
1401,2023-06-03,9473510839,41,0,0,1786.4,3300.0
1402,2023-06-04,9473510839,14,0,0,1612.6,3300.0
1403,2023-06-05,9473510839,15,0,0,1135.2,3300.0
1404,2023-06-06,9473510839,7,0,0,1437.7,3300.0
1405,2023-06-07,9473510839,28,0,0,2064.7,3300.0
1406,2023-06-08,9473510839,18,0,1,1267.2,3300.0
1407,2023-06-09,9473510839,14,0,0,1114.3,3300.0
1408,2023-06-10,9473510839,16,0,0,1257.3,3300.0
1409,2023-06-11,9473510839,15,0,0,2028.4,3300.0
1410,2023-06-12,9473510839,10,0,1,1227.6,3300.0
1411,2023-06-13,9473510839,7,0,1,1092.3,3300.0
1412,2023-06-14,9473510839,5,0,0,685.3,3300.0
1413,2023-06-15,9473510839,16,0,0,1082.4,3300.0
1414,2023-06-16,9473510839,14,0,0,1637.9,3300.0
1415,2023-06-17,9473510839,9,0,0,812.9,3300.0
1416,2023-06-18,9473510839,22,0,0,2799.5,3300.0
1417,2023-06-19,9473510839,22,0,2,1206.7,3300.0
1418,2023-06-20,9473510839,19,0,0,1302.4,3300.0
1419,2023-06-21,9473510839,14,0,1,1122.0,3300.0
1420,2023-06-22,9473510839,7,0,0,437.8,3300.0
1421,2023-06-23,9473510839,14,0,0,1116.5,3300.0
1422,2023-06-24,9473510839,12,0,0,1075.8,3300.0
1423,2023-06-25,9473510839,13,0,0,849.2,3300.0
1424,2023-06-26,9473510839,13,0,0,1169.3,3300.0
1425,2023-06-27,9473510839,21,0,1,1207.8,3300.0
1426,2023-06-28,9473510839,15,0,2,1317.8,3300.0
1427,2023-06-29,9473510839,27,0,0,1369.5,3300.0
1428,2023-06-30,9473510839,16,2,2,2013.0,3300.0
1429,2023-07-01,9473510839,27,0,0,2330.9,3300.0
1430,2023-07-02,9473510839,35,0,0,2347.4,3300.0
1431,2023-07-03,9473510839,17,1,1,1603.8,3300.0
1432,2023-07-04,9473510839,17,1,1,1035.1,3300.0
1433,2023-07-05,9473510839,25,0,1,2003.1,3300.0
1434,2023-07-06,9473510839,20,2,0,2081.2,3300.0
1435,2023-07-07,9473510839,22,0,0,1920.6,3300.0
1436,2023-07-08,9473510839,12,0,1,3042.6,3300.0
1437,2023-07-09,9473510839,25,0,0,3205.4,3300.0
1438,2023-07-10,9473510839,28,0,0,6622.0,3300.0
1439,2023-07-11,9473510839,22,1,0,6717.7,3300.0
1440,2023-07-12,9473510839,20,0,1,5549.5,3300.0
1441,2023-07-13,9473510839,11,0,0,4123.9,3300.0
1442,2023-07-14,9473510839,15,0,0,3851.1,3300.0
1443,2023-07-15,9473510839,20,0,0,3171.3,3300.0
1444,2023-07-16,9473510839,14,0,1,2322.1,3300.0
1445,2023-07-17,9473510839,3,0,0,1859.0,3300.0
1446,2023-07-18,9473510839,10,0,0,2196.7,3300.0
1447,2023-07-19,9473510839,18,1,0,1532.3,3300.0
1448,2023-07-20,9473510839,5,0,0,1064.8,3300.0
1449,2023-07-21,9473510839,21,0,0,920.7,3300.0
1450,2023-07-22,9473510839,7,0,0,853.6,3300.0
1451,2023-07-23,9473510839,9,0,0,1416.8,3300.0
1452,2023-07-24,9473510839,7,0,0,872.3,3300.0
1453,2023-07-25,9473510839,13,1,0,1944.8,3300.0
1454,2023-07-26,9473510839,8,0,0,850.3,3300.0
1455,2023-07-27,9473510839,6,0,0,605.0,3300.0
1456,2023-07-28,9473510839,10,0,0,1281.5,3300.0
1457,2023-07-29,9473510839,7,0,0,877.8,3300.0
1458,2023-07-30,9473510839,6,0,1,1013.1,3300.0
1459,2023-07-31,9473510839,4,0,0,614.9,3300.0
1460,2023-08-01,9473510839,4,0,0,822.8,3300.0
1461,2023-08-02,9473510839,9,0,0,977.9,3300.0
1462,2023-08-03,9473510839,9,1,0,270.6,3300.0
1463,2023-08-04,9473510839,4,0,0,423.5,3300.0
1464,2023-08-05,9473510839,7,0,0,1270.5,3300.0
1465,2023-08-06,9473510839,12,0,0,1026.3,3300.0
1466,2023-08-07,9473510839,4,0,0,1378.3,6600.0
1467,2023-08-08,9473510839,11,0,0,1432.2,6600.0
1468,2023-08-09,9473510839,10,0,1,1258.4,6600.0
1469,2023-08-10,9473510839,11,0,0,918.5,6600.0
1470,2023-08-11,9473510839,8,0,0,832.7,6600.0
1471,2023-08-12,9473510839,11,0,0,484.0,6600.0
1472,2023-08-13,9473510839,7,0,0,764.5,6600.0
1473,2023-08-14,9473510839,9,0,0,563.2,6600.0
1474,2023-08-15,9473510839,14,0,0,1567.5,6600.0
1475,2023-08-16,9473510839,8,0,0,512.6,6600.0
1476,2023-08-17,9473510839,6,1,0,891.0,6600.0
1477,2023-08-18,9473510839,7,0,0,499.4,6600.0
1478,2023-08-19,9473510839,15,0,0,1294.7,6600.0
1479,2023-08-20,9473510839,7,0,0,1236.4,6600.0
1480,2023-08-21,9473510839,11,1,0,1386.0,6600.0
1481,2023-08-22,9473510839,6,1,0,716.1,6600.0
1482,2023-08-23,9473510839,2,0,0,808.5,6600.0
1483,2023-08-24,9473510839,1,0,0,262.9,6600.0
1484,2023-08-25,9473510839,3,0,0,579.7,6600.0
1485,2023-08-26,9473510839,5,0,0,204.6,6600.0
1486,2023-08-27,9473510839,6,0,0,753.5,6600.0
1487,2023-08-28,9473510839,4,0,0,407.0,6600.0
1488,2023-08-29,9473510839,8,0,0,1129.7,6600.0
1489,2023-08-30,9473510839,8,0,0,914.1,6600.0
1490,2023-08-31,9473510839,5,0,0,437.8,6600.0
1491,2023-09-01,9473510839,9,1,1,1580.7,6600.0
1492,2023-09-02,9473510839,10,0,0,913.0,6600.0
1493,2023-09-03,9473510839,5,0,0,629.2,6600.0
1494,2023-09-04,9473510839,6,0,0,416.9,6600.0
1495,2023-09-05,9473510839,4,0,0,145.2,6600.0
1496,2023-09-06,9473510839,9,0,0,684.2,6600.0
1497,2023-09-07,9473510839,7,0,0,376.2,6600.0
1498,2023-09-08,9473510839,6,0,0,437.8,6600.0
1499,2023-09-09,9473510839,7,0,0,355.3,6600.0
1500,2023-09-10,9473510839,4,0,0,430.1,6600.0
